-- Empresa
INSERT INTO empresa (nome, cnpj, email, telefone) VALUES ('Solux Energy S.A.', '12.345.678/0001-99', 'contato@solux.com', '(11) 9999-8888');

-- Usinas
INSERT INTO usina (id_empresa, nome, localizacao, capacidade_kwp, distribuidora) VALUES (1, 'Usina Solar CPFL Americana', 'Americana-SP', 500.0, 'CPFL');
INSERT INTO usina (id_empresa, nome, localizacao, capacidade_kwp, distribuidora) VALUES (1, 'Usina Solar Enel Pirapora', 'Pirapora-SP', 800.0, 'Enel');
INSERT INTO usina (id_empresa, nome, localizacao, capacidade_kwp, distribuidora) VALUES (1, 'Usina Solar Energisa Presidente Prudente', 'Pres. Prudente-SP', 300.0, 'Energisa');

-- Clientes
INSERT INTO cliente (id_empresa, nome, cpf_cnpj, email, telefone, endereco, tipo_cliente, status) VALUES (1, 'Cliente PF 1', '750.126.134-91', 'cliente1@email.com', '(11) 93106-2456', 'Rua 1, 100', 'PF', 'ATIVO');
INSERT INTO cliente (id_empresa, nome, cpf_cnpj, email, telefone, endereco, tipo_cliente, status) VALUES (1, 'Cliente PF 2', '566.320.307-30', 'cliente2@email.com', '(11) 97338-8418', 'Rua 2, 100', 'PF', 'ATIVO');
INSERT INTO cliente (id_empresa, nome, cpf_cnpj, email, telefone, endereco, tipo_cliente, status) VALUES (1, 'Empresa Cliente PJ 3', '38.527.370/0001-78', 'cliente3@email.com', '(11) 93707-5244', 'Rua 3, 100', 'PJ', 'ATIVO');
INSERT INTO cliente (id_empresa, nome, cpf_cnpj, email, telefone, endereco, tipo_cliente, status) VALUES (1, 'Empresa Cliente PJ 4', '13.753.949/0001-40', 'cliente4@email.com', '(11) 91970-1993', 'Rua 4, 100', 'PJ', 'ATIVO');
INSERT INTO cliente (id_empresa, nome, cpf_cnpj, email, telefone, endereco, tipo_cliente, status) VALUES (1, 'Cliente PF 5', '130.373.358-94', 'cliente5@email.com', '(11) 96688-9776', 'Rua 5, 100', 'PF', 'ATIVO');
INSERT INTO cliente (id_empresa, nome, cpf_cnpj, email, telefone, endereco, tipo_cliente, status) VALUES (1, 'Empresa Cliente PJ 6', '31.800.766/0001-90', 'cliente6@email.com', '(11) 96134-7340', 'Rua 6, 100', 'PJ', 'INATIVO');
INSERT INTO cliente (id_empresa, nome, cpf_cnpj, email, telefone, endereco, tipo_cliente, status) VALUES (1, 'Empresa Cliente PJ 7', '29.512.896/0001-89', 'cliente7@email.com', '(11) 91591-2449', 'Rua 7, 100', 'PJ', 'ATIVO');
INSERT INTO cliente (id_empresa, nome, cpf_cnpj, email, telefone, endereco, tipo_cliente, status) VALUES (1, 'Cliente PF 8', '587.567.900-63', 'cliente8@email.com', '(11) 97052-4427', 'Rua 8, 100', 'PF', 'ATIVO');
INSERT INTO cliente (id_empresa, nome, cpf_cnpj, email, telefone, endereco, tipo_cliente, status) VALUES (1, 'Empresa Cliente PJ 9', '19.264.609/0001-13', 'cliente9@email.com', '(11) 96127-8771', 'Rua 9, 100', 'PJ', 'ATIVO');
INSERT INTO cliente (id_empresa, nome, cpf_cnpj, email, telefone, endereco, tipo_cliente, status) VALUES (1, 'Cliente PF 10', '226.929.635-48', 'cliente10@email.com', '(11) 95269-4753', 'Rua 10, 100', 'PF', 'ATIVO');
INSERT INTO cliente (id_empresa, nome, cpf_cnpj, email, telefone, endereco, tipo_cliente, status) VALUES (1, 'Empresa Cliente PJ 11', '89.670.637/0001-90', 'cliente11@email.com', '(11) 94921-9422', 'Rua 11, 100', 'PJ', 'ATIVO');
INSERT INTO cliente (id_empresa, nome, cpf_cnpj, email, telefone, endereco, tipo_cliente, status) VALUES (1, 'Empresa Cliente PJ 12', '66.896.273/0001-18', 'cliente12@email.com', '(11) 93093-9632', 'Rua 12, 100', 'PJ', 'ATIVO');
INSERT INTO cliente (id_empresa, nome, cpf_cnpj, email, telefone, endereco, tipo_cliente, status) VALUES (1, 'Cliente PF 13', '988.239.678-10', 'cliente13@email.com', '(11) 91338-5222', 'Rua 13, 100', 'PF', 'ATIVO');
INSERT INTO cliente (id_empresa, nome, cpf_cnpj, email, telefone, endereco, tipo_cliente, status) VALUES (1, 'Cliente PF 14', '283.739.555-76', 'cliente14@email.com', '(11) 96826-7818', 'Rua 14, 100', 'PF', 'ATIVO');
INSERT INTO cliente (id_empresa, nome, cpf_cnpj, email, telefone, endereco, tipo_cliente, status) VALUES (1, 'Cliente PF 15', '745.963.727-89', 'cliente15@email.com', '(11) 95452-2577', 'Rua 15, 100', 'PF', 'ATIVO');
INSERT INTO cliente (id_empresa, nome, cpf_cnpj, email, telefone, endereco, tipo_cliente, status) VALUES (1, 'Cliente PF 16', '817.673.853-60', 'cliente16@email.com', '(11) 91633-2637', 'Rua 16, 100', 'PF', 'ATIVO');
INSERT INTO cliente (id_empresa, nome, cpf_cnpj, email, telefone, endereco, tipo_cliente, status) VALUES (1, 'Empresa Cliente PJ 17', '64.518.563/0001-30', 'cliente17@email.com', '(11) 97905-9434', 'Rua 17, 100', 'PJ', 'ATIVO');
INSERT INTO cliente (id_empresa, nome, cpf_cnpj, email, telefone, endereco, tipo_cliente, status) VALUES (1, 'Cliente PF 18', '375.798.736-69', 'cliente18@email.com', '(11) 99143-2919', 'Rua 18, 100', 'PF', 'ATIVO');
INSERT INTO cliente (id_empresa, nome, cpf_cnpj, email, telefone, endereco, tipo_cliente, status) VALUES (1, 'Empresa Cliente PJ 19', '92.560.927/0001-22', 'cliente19@email.com', '(11) 93726-5187', 'Rua 19, 100', 'PJ', 'INATIVO');
INSERT INTO cliente (id_empresa, nome, cpf_cnpj, email, telefone, endereco, tipo_cliente, status) VALUES (1, 'Cliente PF 20', '590.679.858-81', 'cliente20@email.com', '(11) 95184-9210', 'Rua 20, 100', 'PF', 'ATIVO');
INSERT INTO cliente (id_empresa, nome, cpf_cnpj, email, telefone, endereco, tipo_cliente, status) VALUES (1, 'Cliente PF 21', '918.790.993-56', 'cliente21@email.com', '(11) 97973-9680', 'Rua 21, 100', 'PF', 'ATIVO');
INSERT INTO cliente (id_empresa, nome, cpf_cnpj, email, telefone, endereco, tipo_cliente, status) VALUES (1, 'Empresa Cliente PJ 22', '74.847.209/0001-13', 'cliente22@email.com', '(11) 99339-4210', 'Rua 22, 100', 'PJ', 'ATIVO');
INSERT INTO cliente (id_empresa, nome, cpf_cnpj, email, telefone, endereco, tipo_cliente, status) VALUES (1, 'Cliente PF 23', '457.977.729-85', 'cliente23@email.com', '(11) 95990-8194', 'Rua 23, 100', 'PF', 'ATIVO');
INSERT INTO cliente (id_empresa, nome, cpf_cnpj, email, telefone, endereco, tipo_cliente, status) VALUES (1, 'Empresa Cliente PJ 24', '79.537.785/0001-87', 'cliente24@email.com', '(11) 91507-2951', 'Rua 24, 100', 'PJ', 'ATIVO');
INSERT INTO cliente (id_empresa, nome, cpf_cnpj, email, telefone, endereco, tipo_cliente, status) VALUES (1, 'Cliente PF 25', '670.271.933-51', 'cliente25@email.com', '(11) 91988-6420', 'Rua 25, 100', 'PF', 'ATIVO');
INSERT INTO cliente (id_empresa, nome, cpf_cnpj, email, telefone, endereco, tipo_cliente, status) VALUES (1, 'Empresa Cliente PJ 26', '41.124.506/0001-39', 'cliente26@email.com', '(11) 96923-1874', 'Rua 26, 100', 'PJ', 'ATIVO');
INSERT INTO cliente (id_empresa, nome, cpf_cnpj, email, telefone, endereco, tipo_cliente, status) VALUES (1, 'Empresa Cliente PJ 27', '13.741.736/0001-32', 'cliente27@email.com', '(11) 94797-3635', 'Rua 27, 100', 'PJ', 'ATIVO');
INSERT INTO cliente (id_empresa, nome, cpf_cnpj, email, telefone, endereco, tipo_cliente, status) VALUES (1, 'Cliente PF 28', '755.802.680-26', 'cliente28@email.com', '(11) 93622-8979', 'Rua 28, 100', 'PF', 'ATIVO');
INSERT INTO cliente (id_empresa, nome, cpf_cnpj, email, telefone, endereco, tipo_cliente, status) VALUES (1, 'Cliente PF 29', '379.280.843-94', 'cliente29@email.com', '(11) 97244-9535', 'Rua 29, 100', 'PF', 'ATIVO');
INSERT INTO cliente (id_empresa, nome, cpf_cnpj, email, telefone, endereco, tipo_cliente, status) VALUES (1, 'Cliente PF 30', '858.585.658-21', 'cliente30@email.com', '(11) 99493-2972', 'Rua 30, 100', 'PF', 'ATIVO');

-- Unidades Consumidoras
INSERT INTO unidade_consumidora (id_cliente, numero_uc, distribuidora, cidade, estado, consumo_medio_kwh, percentual_rateio) VALUES (21, '79244781', 'CPFL', 'Campinas', 'SP', 1541.45, 1.76);
INSERT INTO unidade_consumidora (id_cliente, numero_uc, distribuidora, cidade, estado, consumo_medio_kwh, percentual_rateio) VALUES (28, '31313742', 'CPFL', 'Campinas', 'SP', 1798.04, 1.93);
INSERT INTO unidade_consumidora (id_cliente, numero_uc, distribuidora, cidade, estado, consumo_medio_kwh, percentual_rateio) VALUES (3, '33915088', 'CPFL', 'Campinas', 'SP', 1157.4, 1.33);
INSERT INTO unidade_consumidora (id_cliente, numero_uc, distribuidora, cidade, estado, consumo_medio_kwh, percentual_rateio) VALUES (20, '37573849', 'Enel', 'São Paulo', 'SP', 1566.68, 3.42);
INSERT INTO unidade_consumidora (id_cliente, numero_uc, distribuidora, cidade, estado, consumo_medio_kwh, percentual_rateio) VALUES (26, '64084534', 'CPFL', 'Campinas', 'SP', 1626.45, 2.19);
INSERT INTO unidade_consumidora (id_cliente, numero_uc, distribuidora, cidade, estado, consumo_medio_kwh, percentual_rateio) VALUES (25, '16288750', 'CPFL', 'Campinas', 'SP', 2067.26, 3.82);
INSERT INTO unidade_consumidora (id_cliente, numero_uc, distribuidora, cidade, estado, consumo_medio_kwh, percentual_rateio) VALUES (6, '63596289', 'CPFL', 'Campinas', 'SP', 2080.34, 2.91);
INSERT INTO unidade_consumidora (id_cliente, numero_uc, distribuidora, cidade, estado, consumo_medio_kwh, percentual_rateio) VALUES (15, '97282767', 'Energisa', 'Presidente Prudente', 'SP', 1972.63, 3.93);
INSERT INTO unidade_consumidora (id_cliente, numero_uc, distribuidora, cidade, estado, consumo_medio_kwh, percentual_rateio) VALUES (23, '79684271', 'CPFL', 'Campinas', 'SP', 2113.8, 4.55);
INSERT INTO unidade_consumidora (id_cliente, numero_uc, distribuidora, cidade, estado, consumo_medio_kwh, percentual_rateio) VALUES (5, '78625373', 'Energisa', 'Presidente Prudente', 'SP', 1620.37, 4.37);
INSERT INTO unidade_consumidora (id_cliente, numero_uc, distribuidora, cidade, estado, consumo_medio_kwh, percentual_rateio) VALUES (23, '68602796', 'CPFL', 'Campinas', 'SP', 2433.43, 3.53);
INSERT INTO unidade_consumidora (id_cliente, numero_uc, distribuidora, cidade, estado, consumo_medio_kwh, percentual_rateio) VALUES (16, '63757692', 'Energisa', 'Presidente Prudente', 'SP', 422.7, 3.91);
INSERT INTO unidade_consumidora (id_cliente, numero_uc, distribuidora, cidade, estado, consumo_medio_kwh, percentual_rateio) VALUES (8, '63072954', 'Enel', 'São Paulo', 'SP', 2045.77, 4.53);
INSERT INTO unidade_consumidora (id_cliente, numero_uc, distribuidora, cidade, estado, consumo_medio_kwh, percentual_rateio) VALUES (17, '62431839', 'Enel', 'São Paulo', 'SP', 2408.67, 0.93);
INSERT INTO unidade_consumidora (id_cliente, numero_uc, distribuidora, cidade, estado, consumo_medio_kwh, percentual_rateio) VALUES (3, '72192175', 'Energisa', 'Presidente Prudente', 'SP', 2488.89, 2.51);
INSERT INTO unidade_consumidora (id_cliente, numero_uc, distribuidora, cidade, estado, consumo_medio_kwh, percentual_rateio) VALUES (9, '10485926', 'Energisa', 'Presidente Prudente', 'SP', 2453.11, 4.67);
INSERT INTO unidade_consumidora (id_cliente, numero_uc, distribuidora, cidade, estado, consumo_medio_kwh, percentual_rateio) VALUES (9, '91739713', 'Enel', 'São Paulo', 'SP', 788.02, 0.61);
INSERT INTO unidade_consumidora (id_cliente, numero_uc, distribuidora, cidade, estado, consumo_medio_kwh, percentual_rateio) VALUES (16, '58868259', 'Energisa', 'Presidente Prudente', 'SP', 1605.19, 4.04);
INSERT INTO unidade_consumidora (id_cliente, numero_uc, distribuidora, cidade, estado, consumo_medio_kwh, percentual_rateio) VALUES (1, '99944961', 'Enel', 'São Paulo', 'SP', 571.75, 3.76);
INSERT INTO unidade_consumidora (id_cliente, numero_uc, distribuidora, cidade, estado, consumo_medio_kwh, percentual_rateio) VALUES (27, '75884683', 'Enel', 'São Paulo', 'SP', 2430.88, 0.98);
INSERT INTO unidade_consumidora (id_cliente, numero_uc, distribuidora, cidade, estado, consumo_medio_kwh, percentual_rateio) VALUES (19, '82172313', 'Energisa', 'Presidente Prudente', 'SP', 2450.66, 4.33);
INSERT INTO unidade_consumidora (id_cliente, numero_uc, distribuidora, cidade, estado, consumo_medio_kwh, percentual_rateio) VALUES (30, '59265823', 'CPFL', 'Campinas', 'SP', 1582.75, 4.85);
INSERT INTO unidade_consumidora (id_cliente, numero_uc, distribuidora, cidade, estado, consumo_medio_kwh, percentual_rateio) VALUES (26, '39712856', 'Energisa', 'Presidente Prudente', 'SP', 1536.14, 4.73);
INSERT INTO unidade_consumidora (id_cliente, numero_uc, distribuidora, cidade, estado, consumo_medio_kwh, percentual_rateio) VALUES (13, '69047969', 'CPFL', 'Campinas', 'SP', 1258.96, 2.32);
INSERT INTO unidade_consumidora (id_cliente, numero_uc, distribuidora, cidade, estado, consumo_medio_kwh, percentual_rateio) VALUES (6, '32382925', 'CPFL', 'Campinas', 'SP', 2034.52, 3.03);
INSERT INTO unidade_consumidora (id_cliente, numero_uc, distribuidora, cidade, estado, consumo_medio_kwh, percentual_rateio) VALUES (30, '57501329', 'Enel', 'São Paulo', 'SP', 1709.12, 3.83);
INSERT INTO unidade_consumidora (id_cliente, numero_uc, distribuidora, cidade, estado, consumo_medio_kwh, percentual_rateio) VALUES (16, '71460666', 'Enel', 'São Paulo', 'SP', 1108.96, 2.15);
INSERT INTO unidade_consumidora (id_cliente, numero_uc, distribuidora, cidade, estado, consumo_medio_kwh, percentual_rateio) VALUES (14, '40801328', 'Energisa', 'Presidente Prudente', 'SP', 2320.85, 4.38);
INSERT INTO unidade_consumidora (id_cliente, numero_uc, distribuidora, cidade, estado, consumo_medio_kwh, percentual_rateio) VALUES (22, '48553637', 'CPFL', 'Campinas', 'SP', 651.21, 0.93);
INSERT INTO unidade_consumidora (id_cliente, numero_uc, distribuidora, cidade, estado, consumo_medio_kwh, percentual_rateio) VALUES (26, '21195335', 'Energisa', 'Presidente Prudente', 'SP', 2203.77, 1.65);
INSERT INTO unidade_consumidora (id_cliente, numero_uc, distribuidora, cidade, estado, consumo_medio_kwh, percentual_rateio) VALUES (14, '96136267', 'Enel', 'São Paulo', 'SP', 1407.65, 3.15);
INSERT INTO unidade_consumidora (id_cliente, numero_uc, distribuidora, cidade, estado, consumo_medio_kwh, percentual_rateio) VALUES (13, '26969873', 'Enel', 'São Paulo', 'SP', 876.84, 4.61);
INSERT INTO unidade_consumidora (id_cliente, numero_uc, distribuidora, cidade, estado, consumo_medio_kwh, percentual_rateio) VALUES (2, '38273876', 'CPFL', 'Campinas', 'SP', 1739.78, 0.98);
INSERT INTO unidade_consumidora (id_cliente, numero_uc, distribuidora, cidade, estado, consumo_medio_kwh, percentual_rateio) VALUES (23, '24356774', 'Energisa', 'Presidente Prudente', 'SP', 1920.76, 0.88);
INSERT INTO unidade_consumidora (id_cliente, numero_uc, distribuidora, cidade, estado, consumo_medio_kwh, percentual_rateio) VALUES (11, '10988910', 'Energisa', 'Presidente Prudente', 'SP', 1728.13, 4.19);

-- Geracao Mensal e Rateios
INSERT INTO geracao_mensal (id_usina, mes, ano, energia_gerada_kwh, tarifa_kwh) VALUES (1, 1, 2026, 62779.74, 0.9734);
INSERT INTO rateio_mensal (id_unidade, id_geracao, percentual_rateio, energia_creditada_kwh, valor_economizado, saldo_credito_kwh) VALUES (1, 1, 1.76, 1104.92, 1075.53, 0.0);
INSERT INTO rateio_mensal (id_unidade, id_geracao, percentual_rateio, energia_creditada_kwh, valor_economizado, saldo_credito_kwh) VALUES (2, 1, 1.93, 1211.65, 1179.42, 148.37);
INSERT INTO rateio_mensal (id_unidade, id_geracao, percentual_rateio, energia_creditada_kwh, valor_economizado, saldo_credito_kwh) VALUES (3, 1, 1.33, 834.97, 812.76, 206.46);
INSERT INTO rateio_mensal (id_unidade, id_geracao, percentual_rateio, energia_creditada_kwh, valor_economizado, saldo_credito_kwh) VALUES (5, 1, 2.19, 1374.88, 1338.31, 686.69);
INSERT INTO rateio_mensal (id_unidade, id_geracao, percentual_rateio, energia_creditada_kwh, valor_economizado, saldo_credito_kwh) VALUES (6, 1, 3.82, 2398.19, 2334.4, 779.12);
INSERT INTO rateio_mensal (id_unidade, id_geracao, percentual_rateio, energia_creditada_kwh, valor_economizado, saldo_credito_kwh) VALUES (7, 1, 2.91, 1826.89, 1778.29, 0.0);
INSERT INTO rateio_mensal (id_unidade, id_geracao, percentual_rateio, energia_creditada_kwh, valor_economizado, saldo_credito_kwh) VALUES (9, 1, 4.55, 2856.48, 2780.5, 2550.6);
INSERT INTO rateio_mensal (id_unidade, id_geracao, percentual_rateio, energia_creditada_kwh, valor_economizado, saldo_credito_kwh) VALUES (11, 1, 3.53, 2216.12, 2157.17, 0.0);
INSERT INTO rateio_mensal (id_unidade, id_geracao, percentual_rateio, energia_creditada_kwh, valor_economizado, saldo_credito_kwh) VALUES (22, 1, 4.85, 3044.82, 2963.83, 903.57);
INSERT INTO rateio_mensal (id_unidade, id_geracao, percentual_rateio, energia_creditada_kwh, valor_economizado, saldo_credito_kwh) VALUES (24, 1, 2.32, 1456.49, 1417.75, 738.59);
INSERT INTO rateio_mensal (id_unidade, id_geracao, percentual_rateio, energia_creditada_kwh, valor_economizado, saldo_credito_kwh) VALUES (25, 1, 3.03, 1902.23, 1851.63, 0.0);
INSERT INTO rateio_mensal (id_unidade, id_geracao, percentual_rateio, energia_creditada_kwh, valor_economizado, saldo_credito_kwh) VALUES (29, 1, 0.93, 583.85, 568.32, 0.0);
INSERT INTO rateio_mensal (id_unidade, id_geracao, percentual_rateio, energia_creditada_kwh, valor_economizado, saldo_credito_kwh) VALUES (33, 1, 0.98, 615.24, 598.87, 0.0);
INSERT INTO geracao_mensal (id_usina, mes, ano, energia_gerada_kwh, tarifa_kwh) VALUES (2, 1, 2026, 96393.83, 1.0294);
INSERT INTO rateio_mensal (id_unidade, id_geracao, percentual_rateio, energia_creditada_kwh, valor_economizado, saldo_credito_kwh) VALUES (4, 2, 3.42, 3296.67, 3393.59, 1481.12);
INSERT INTO rateio_mensal (id_unidade, id_geracao, percentual_rateio, energia_creditada_kwh, valor_economizado, saldo_credito_kwh) VALUES (13, 2, 4.53, 4366.64, 4495.02, 2677.78);
INSERT INTO rateio_mensal (id_unidade, id_geracao, percentual_rateio, energia_creditada_kwh, valor_economizado, saldo_credito_kwh) VALUES (14, 2, 0.93, 896.46, 922.82, 0.0);
INSERT INTO rateio_mensal (id_unidade, id_geracao, percentual_rateio, energia_creditada_kwh, valor_economizado, saldo_credito_kwh) VALUES (17, 2, 0.61, 588.0, 605.29, 0.0);
INSERT INTO rateio_mensal (id_unidade, id_geracao, percentual_rateio, energia_creditada_kwh, valor_economizado, saldo_credito_kwh) VALUES (19, 2, 3.76, 3624.41, 3730.97, 2559.72);
INSERT INTO rateio_mensal (id_unidade, id_geracao, percentual_rateio, energia_creditada_kwh, valor_economizado, saldo_credito_kwh) VALUES (20, 2, 0.98, 944.66, 972.43, 702.52);
INSERT INTO rateio_mensal (id_unidade, id_geracao, percentual_rateio, energia_creditada_kwh, valor_economizado, saldo_credito_kwh) VALUES (26, 2, 3.83, 3691.88, 3800.42, 1750.08);
INSERT INTO rateio_mensal (id_unidade, id_geracao, percentual_rateio, energia_creditada_kwh, valor_economizado, saldo_credito_kwh) VALUES (27, 2, 2.15, 2072.47, 2133.4, 1425.11);
INSERT INTO rateio_mensal (id_unidade, id_geracao, percentual_rateio, energia_creditada_kwh, valor_economizado, saldo_credito_kwh) VALUES (31, 2, 3.15, 3036.41, 3125.68, 1183.84);
INSERT INTO rateio_mensal (id_unidade, id_geracao, percentual_rateio, energia_creditada_kwh, valor_economizado, saldo_credito_kwh) VALUES (32, 2, 4.61, 4443.76, 4574.41, 2439.6);
INSERT INTO geracao_mensal (id_usina, mes, ano, energia_gerada_kwh, tarifa_kwh) VALUES (3, 1, 2026, 44950.65, 1.0777);
INSERT INTO rateio_mensal (id_unidade, id_geracao, percentual_rateio, energia_creditada_kwh, valor_economizado, saldo_credito_kwh) VALUES (8, 3, 3.93, 1766.56, 1903.82, 1259.83);
INSERT INTO rateio_mensal (id_unidade, id_geracao, percentual_rateio, energia_creditada_kwh, valor_economizado, saldo_credito_kwh) VALUES (10, 3, 4.37, 1964.34, 2116.97, 396.39);
INSERT INTO rateio_mensal (id_unidade, id_geracao, percentual_rateio, energia_creditada_kwh, valor_economizado, saldo_credito_kwh) VALUES (12, 3, 3.91, 1757.57, 1894.13, 1597.06);
INSERT INTO rateio_mensal (id_unidade, id_geracao, percentual_rateio, energia_creditada_kwh, valor_economizado, saldo_credito_kwh) VALUES (15, 3, 2.51, 1128.26, 1215.93, 0.0);
INSERT INTO rateio_mensal (id_unidade, id_geracao, percentual_rateio, energia_creditada_kwh, valor_economizado, saldo_credito_kwh) VALUES (16, 3, 4.67, 2099.2, 2262.31, 357.83);
INSERT INTO rateio_mensal (id_unidade, id_geracao, percentual_rateio, energia_creditada_kwh, valor_economizado, saldo_credito_kwh) VALUES (18, 3, 4.04, 1816.01, 1957.11, 459.67);
INSERT INTO rateio_mensal (id_unidade, id_geracao, percentual_rateio, energia_creditada_kwh, valor_economizado, saldo_credito_kwh) VALUES (21, 3, 4.33, 1946.36, 2097.59, 100.44);
INSERT INTO rateio_mensal (id_unidade, id_geracao, percentual_rateio, energia_creditada_kwh, valor_economizado, saldo_credito_kwh) VALUES (23, 3, 4.73, 2126.17, 2291.37, 301.91);
INSERT INTO rateio_mensal (id_unidade, id_geracao, percentual_rateio, energia_creditada_kwh, valor_economizado, saldo_credito_kwh) VALUES (28, 3, 4.38, 1968.84, 2121.82, 1549.31);
INSERT INTO rateio_mensal (id_unidade, id_geracao, percentual_rateio, energia_creditada_kwh, valor_economizado, saldo_credito_kwh) VALUES (30, 3, 1.65, 741.69, 799.32, 0.0);
INSERT INTO rateio_mensal (id_unidade, id_geracao, percentual_rateio, energia_creditada_kwh, valor_economizado, saldo_credito_kwh) VALUES (34, 3, 0.88, 395.57, 426.31, 0.0);
INSERT INTO rateio_mensal (id_unidade, id_geracao, percentual_rateio, energia_creditada_kwh, valor_economizado, saldo_credito_kwh) VALUES (35, 3, 4.19, 1883.43, 2029.77, 1304.07);
INSERT INTO geracao_mensal (id_usina, mes, ano, energia_gerada_kwh, tarifa_kwh) VALUES (1, 2, 2026, 64643.51, 0.8308);
INSERT INTO rateio_mensal (id_unidade, id_geracao, percentual_rateio, energia_creditada_kwh, valor_economizado, saldo_credito_kwh) VALUES (1, 4, 1.76, 1137.73, 945.23, 0.0);
INSERT INTO rateio_mensal (id_unidade, id_geracao, percentual_rateio, energia_creditada_kwh, valor_economizado, saldo_credito_kwh) VALUES (2, 4, 1.93, 1247.62, 1036.52, 1233.55);
INSERT INTO rateio_mensal (id_unidade, id_geracao, percentual_rateio, energia_creditada_kwh, valor_economizado, saldo_credito_kwh) VALUES (3, 4, 1.33, 859.76, 714.29, 206.46);
INSERT INTO rateio_mensal (id_unidade, id_geracao, percentual_rateio, energia_creditada_kwh, valor_economizado, saldo_credito_kwh) VALUES (5, 4, 2.19, 1415.69, 1176.16, 742.74);
INSERT INTO rateio_mensal (id_unidade, id_geracao, percentual_rateio, energia_creditada_kwh, valor_economizado, saldo_credito_kwh) VALUES (6, 4, 3.82, 2469.38, 2051.56, 1547.59);
INSERT INTO rateio_mensal (id_unidade, id_geracao, percentual_rateio, energia_creditada_kwh, valor_economizado, saldo_credito_kwh) VALUES (7, 4, 2.91, 1881.13, 1562.84, 1557.17);
INSERT INTO rateio_mensal (id_unidade, id_geracao, percentual_rateio, energia_creditada_kwh, valor_economizado, saldo_credito_kwh) VALUES (9, 4, 4.55, 2941.28, 2443.62, 3667.51);
INSERT INTO rateio_mensal (id_unidade, id_geracao, percentual_rateio, energia_creditada_kwh, valor_economizado, saldo_credito_kwh) VALUES (11, 4, 3.53, 2281.92, 1895.82, 1017.13);
INSERT INTO rateio_mensal (id_unidade, id_geracao, percentual_rateio, energia_creditada_kwh, valor_economizado, saldo_credito_kwh) VALUES (22, 4, 4.85, 3135.21, 2604.73, 3701.43);
INSERT INTO rateio_mensal (id_unidade, id_geracao, percentual_rateio, energia_creditada_kwh, valor_economizado, saldo_credito_kwh) VALUES (24, 4, 2.32, 1499.73, 1245.98, 738.59);
INSERT INTO rateio_mensal (id_unidade, id_geracao, percentual_rateio, energia_creditada_kwh, valor_economizado, saldo_credito_kwh) VALUES (25, 4, 3.03, 1958.7, 1627.29, 0.0);
INSERT INTO rateio_mensal (id_unidade, id_geracao, percentual_rateio, energia_creditada_kwh, valor_economizado, saldo_credito_kwh) VALUES (29, 4, 0.93, 601.18, 499.46, 0.0);
INSERT INTO rateio_mensal (id_unidade, id_geracao, percentual_rateio, energia_creditada_kwh, valor_economizado, saldo_credito_kwh) VALUES (33, 4, 0.98, 633.51, 526.32, 0.0);
INSERT INTO geracao_mensal (id_usina, mes, ano, energia_gerada_kwh, tarifa_kwh) VALUES (2, 2, 2026, 99873.21, 0.8661);
INSERT INTO rateio_mensal (id_unidade, id_geracao, percentual_rateio, energia_creditada_kwh, valor_economizado, saldo_credito_kwh) VALUES (4, 5, 3.42, 3415.66, 2958.3, 3525.54);
INSERT INTO rateio_mensal (id_unidade, id_geracao, percentual_rateio, energia_creditada_kwh, valor_economizado, saldo_credito_kwh) VALUES (13, 5, 4.53, 4524.26, 3918.46, 5766.9);
INSERT INTO rateio_mensal (id_unidade, id_geracao, percentual_rateio, energia_creditada_kwh, valor_economizado, saldo_credito_kwh) VALUES (14, 5, 0.93, 928.82, 804.45, 0.0);
INSERT INTO rateio_mensal (id_unidade, id_geracao, percentual_rateio, energia_creditada_kwh, valor_economizado, saldo_credito_kwh) VALUES (17, 5, 0.61, 609.23, 527.65, 0.0);
INSERT INTO rateio_mensal (id_unidade, id_geracao, percentual_rateio, energia_creditada_kwh, valor_economizado, saldo_credito_kwh) VALUES (19, 5, 3.76, 3755.23, 3252.4, 5243.75);
INSERT INTO rateio_mensal (id_unidade, id_geracao, percentual_rateio, energia_creditada_kwh, valor_economizado, saldo_credito_kwh) VALUES (20, 5, 0.98, 978.76, 847.7, 939.56);
INSERT INTO rateio_mensal (id_unidade, id_geracao, percentual_rateio, energia_creditada_kwh, valor_economizado, saldo_credito_kwh) VALUES (26, 5, 3.83, 3825.14, 3312.95, 3954.78);
INSERT INTO rateio_mensal (id_unidade, id_geracao, percentual_rateio, energia_creditada_kwh, valor_economizado, saldo_credito_kwh) VALUES (27, 5, 2.15, 2147.27, 1859.75, 2210.58);
INSERT INTO rateio_mensal (id_unidade, id_geracao, percentual_rateio, energia_creditada_kwh, valor_economizado, saldo_credito_kwh) VALUES (31, 5, 3.15, 3146.01, 2724.76, 4117.55);
INSERT INTO rateio_mensal (id_unidade, id_geracao, percentual_rateio, energia_creditada_kwh, valor_economizado, saldo_credito_kwh) VALUES (32, 5, 4.61, 4604.15, 3987.65, 4970.61);
INSERT INTO geracao_mensal (id_usina, mes, ano, energia_gerada_kwh, tarifa_kwh) VALUES (3, 2, 2026, 36692.49, 0.8364);
INSERT INTO rateio_mensal (id_unidade, id_geracao, percentual_rateio, energia_creditada_kwh, valor_economizado, saldo_credito_kwh) VALUES (8, 6, 3.93, 1442.01, 1206.1, 1724.59);
INSERT INTO rateio_mensal (id_unidade, id_geracao, percentual_rateio, energia_creditada_kwh, valor_economizado, saldo_credito_kwh) VALUES (10, 6, 4.37, 1603.46, 1341.13, 396.39);
INSERT INTO rateio_mensal (id_unidade, id_geracao, percentual_rateio, energia_creditada_kwh, valor_economizado, saldo_credito_kwh) VALUES (12, 6, 3.91, 1434.68, 1199.97, 1872.24);
INSERT INTO rateio_mensal (id_unidade, id_geracao, percentual_rateio, energia_creditada_kwh, valor_economizado, saldo_credito_kwh) VALUES (15, 6, 2.51, 920.98, 770.31, 0.0);
INSERT INTO rateio_mensal (id_unidade, id_geracao, percentual_rateio, energia_creditada_kwh, valor_economizado, saldo_credito_kwh) VALUES (16, 6, 4.67, 1713.54, 1433.2, 751.62);
INSERT INTO rateio_mensal (id_unidade, id_geracao, percentual_rateio, energia_creditada_kwh, valor_economizado, saldo_credito_kwh) VALUES (18, 6, 4.04, 1482.38, 1239.86, 459.67);
INSERT INTO rateio_mensal (id_unidade, id_geracao, percentual_rateio, energia_creditada_kwh, valor_economizado, saldo_credito_kwh) VALUES (21, 6, 4.33, 1588.78, 1328.86, 1033.0);
INSERT INTO rateio_mensal (id_unidade, id_geracao, percentual_rateio, energia_creditada_kwh, valor_economizado, saldo_credito_kwh) VALUES (23, 6, 4.73, 1735.55, 1451.61, 301.91);
INSERT INTO rateio_mensal (id_unidade, id_geracao, percentual_rateio, energia_creditada_kwh, valor_economizado, saldo_credito_kwh) VALUES (28, 6, 4.38, 1607.13, 1344.2, 2575.77);
INSERT INTO rateio_mensal (id_unidade, id_geracao, percentual_rateio, energia_creditada_kwh, valor_economizado, saldo_credito_kwh) VALUES (30, 6, 1.65, 605.43, 506.38, 0.0);
INSERT INTO rateio_mensal (id_unidade, id_geracao, percentual_rateio, energia_creditada_kwh, valor_economizado, saldo_credito_kwh) VALUES (34, 6, 0.88, 322.89, 270.07, 0.0);
INSERT INTO rateio_mensal (id_unidade, id_geracao, percentual_rateio, energia_creditada_kwh, valor_economizado, saldo_credito_kwh) VALUES (35, 6, 4.19, 1537.42, 1285.9, 2506.82);
INSERT INTO geracao_mensal (id_usina, mes, ano, energia_gerada_kwh, tarifa_kwh) VALUES (1, 3, 2026, 74324.08, 0.8454);
INSERT INTO rateio_mensal (id_unidade, id_geracao, percentual_rateio, energia_creditada_kwh, valor_economizado, saldo_credito_kwh) VALUES (1, 7, 1.76, 1308.1, 1105.87, 569.13);
INSERT INTO rateio_mensal (id_unidade, id_geracao, percentual_rateio, energia_creditada_kwh, valor_economizado, saldo_credito_kwh) VALUES (2, 7, 1.93, 1434.45, 1212.68, 2398.85);
INSERT INTO rateio_mensal (id_unidade, id_geracao, percentual_rateio, energia_creditada_kwh, valor_economizado, saldo_credito_kwh) VALUES (3, 7, 1.33, 988.51, 835.69, 206.46);
INSERT INTO rateio_mensal (id_unidade, id_geracao, percentual_rateio, energia_creditada_kwh, valor_economizado, saldo_credito_kwh) VALUES (5, 7, 2.19, 1627.7, 1376.06, 1023.48);
INSERT INTO rateio_mensal (id_unidade, id_geracao, percentual_rateio, energia_creditada_kwh, valor_economizado, saldo_credito_kwh) VALUES (6, 7, 3.82, 2839.18, 2400.24, 1966.37);
INSERT INTO rateio_mensal (id_unidade, id_geracao, percentual_rateio, energia_creditada_kwh, valor_economizado, saldo_credito_kwh) VALUES (7, 7, 2.91, 2162.83, 1828.46, 2166.27);
INSERT INTO rateio_mensal (id_unidade, id_geracao, percentual_rateio, energia_creditada_kwh, valor_economizado, saldo_credito_kwh) VALUES (9, 7, 4.55, 3381.75, 2858.93, 4699.5);
INSERT INTO rateio_mensal (id_unidade, id_geracao, percentual_rateio, energia_creditada_kwh, valor_economizado, saldo_credito_kwh) VALUES (11, 7, 3.53, 2623.64, 2218.03, 1912.58);
INSERT INTO rateio_mensal (id_unidade, id_geracao, percentual_rateio, energia_creditada_kwh, valor_economizado, saldo_credito_kwh) VALUES (22, 7, 4.85, 3604.72, 3047.43, 6536.5);
INSERT INTO rateio_mensal (id_unidade, id_geracao, percentual_rateio, energia_creditada_kwh, valor_economizado, saldo_credito_kwh) VALUES (24, 7, 2.32, 1724.32, 1457.74, 1113.73);
INSERT INTO rateio_mensal (id_unidade, id_geracao, percentual_rateio, energia_creditada_kwh, valor_economizado, saldo_credito_kwh) VALUES (25, 7, 3.03, 2252.02, 1903.86, 1677.51);
INSERT INTO rateio_mensal (id_unidade, id_geracao, percentual_rateio, energia_creditada_kwh, valor_economizado, saldo_credito_kwh) VALUES (29, 7, 0.93, 691.21, 584.35, 0.0);
INSERT INTO rateio_mensal (id_unidade, id_geracao, percentual_rateio, energia_creditada_kwh, valor_economizado, saldo_credito_kwh) VALUES (33, 7, 0.98, 728.38, 615.77, 0.0);
INSERT INTO geracao_mensal (id_usina, mes, ano, energia_gerada_kwh, tarifa_kwh) VALUES (2, 3, 2026, 119680.02, 0.9104);
INSERT INTO rateio_mensal (id_unidade, id_geracao, percentual_rateio, energia_creditada_kwh, valor_economizado, saldo_credito_kwh) VALUES (4, 8, 3.42, 4093.06, 3726.32, 5754.32);
INSERT INTO rateio_mensal (id_unidade, id_geracao, percentual_rateio, energia_creditada_kwh, valor_economizado, saldo_credito_kwh) VALUES (13, 8, 4.53, 5421.5, 4935.73, 10650.93);
INSERT INTO rateio_mensal (id_unidade, id_geracao, percentual_rateio, energia_creditada_kwh, valor_economizado, saldo_credito_kwh) VALUES (14, 8, 0.93, 1113.02, 1013.29, 0.0);
INSERT INTO rateio_mensal (id_unidade, id_geracao, percentual_rateio, energia_creditada_kwh, valor_economizado, saldo_credito_kwh) VALUES (17, 8, 0.61, 730.05, 664.64, 269.99);
INSERT INTO rateio_mensal (id_unidade, id_geracao, percentual_rateio, energia_creditada_kwh, valor_economizado, saldo_credito_kwh) VALUES (19, 8, 3.76, 4499.97, 4096.77, 8066.64);
INSERT INTO rateio_mensal (id_unidade, id_geracao, percentual_rateio, energia_creditada_kwh, valor_economizado, saldo_credito_kwh) VALUES (20, 8, 0.98, 1172.86, 1067.77, 939.56);
INSERT INTO rateio_mensal (id_unidade, id_geracao, percentual_rateio, energia_creditada_kwh, valor_economizado, saldo_credito_kwh) VALUES (26, 8, 3.83, 4583.74, 4173.04, 7036.62);
INSERT INTO rateio_mensal (id_unidade, id_geracao, percentual_rateio, energia_creditada_kwh, valor_economizado, saldo_credito_kwh) VALUES (27, 8, 2.15, 2573.12, 2342.57, 2777.01);
INSERT INTO rateio_mensal (id_unidade, id_geracao, percentual_rateio, energia_creditada_kwh, valor_economizado, saldo_credito_kwh) VALUES (31, 8, 3.15, 3769.92, 3432.14, 6277.53);
INSERT INTO rateio_mensal (id_unidade, id_geracao, percentual_rateio, energia_creditada_kwh, valor_economizado, saldo_credito_kwh) VALUES (32, 8, 4.61, 5517.25, 5022.9, 8535.07);
INSERT INTO geracao_mensal (id_usina, mes, ano, energia_gerada_kwh, tarifa_kwh) VALUES (3, 3, 2026, 40935.83, 0.9832);
INSERT INTO rateio_mensal (id_unidade, id_geracao, percentual_rateio, energia_creditada_kwh, valor_economizado, saldo_credito_kwh) VALUES (8, 9, 3.93, 1608.78, 1581.75, 1957.49);
INSERT INTO rateio_mensal (id_unidade, id_geracao, percentual_rateio, energia_creditada_kwh, valor_economizado, saldo_credito_kwh) VALUES (10, 9, 4.37, 1788.9, 1758.85, 1599.6);
INSERT INTO rateio_mensal (id_unidade, id_geracao, percentual_rateio, energia_creditada_kwh, valor_economizado, saldo_credito_kwh) VALUES (12, 9, 3.91, 1600.59, 1573.7, 1872.24);
INSERT INTO rateio_mensal (id_unidade, id_geracao, percentual_rateio, energia_creditada_kwh, valor_economizado, saldo_credito_kwh) VALUES (15, 9, 2.51, 1027.49, 1010.23, 751.63);
INSERT INTO rateio_mensal (id_unidade, id_geracao, percentual_rateio, energia_creditada_kwh, valor_economizado, saldo_credito_kwh) VALUES (16, 9, 4.67, 1911.7, 1879.58, 992.09);
INSERT INTO rateio_mensal (id_unidade, id_geracao, percentual_rateio, energia_creditada_kwh, valor_economizado, saldo_credito_kwh) VALUES (18, 9, 4.04, 1653.81, 1626.03, 459.67);
INSERT INTO rateio_mensal (id_unidade, id_geracao, percentual_rateio, energia_creditada_kwh, valor_economizado, saldo_credito_kwh) VALUES (21, 9, 4.33, 1772.52, 1742.74, 2163.62);
INSERT INTO rateio_mensal (id_unidade, id_geracao, percentual_rateio, energia_creditada_kwh, valor_economizado, saldo_credito_kwh) VALUES (23, 9, 4.73, 1936.26, 1903.73, 301.91);
INSERT INTO rateio_mensal (id_unidade, id_geracao, percentual_rateio, energia_creditada_kwh, valor_economizado, saldo_credito_kwh) VALUES (28, 9, 4.38, 1792.99, 1762.87, 3281.56);
INSERT INTO rateio_mensal (id_unidade, id_geracao, percentual_rateio, energia_creditada_kwh, valor_economizado, saldo_credito_kwh) VALUES (30, 9, 1.65, 675.44, 664.09, 193.47);
INSERT INTO rateio_mensal (id_unidade, id_geracao, percentual_rateio, energia_creditada_kwh, valor_economizado, saldo_credito_kwh) VALUES (34, 9, 0.88, 360.24, 354.19, 0.0);
INSERT INTO rateio_mensal (id_unidade, id_geracao, percentual_rateio, energia_creditada_kwh, valor_economizado, saldo_credito_kwh) VALUES (35, 9, 4.19, 1715.21, 1686.39, 3755.64);
INSERT INTO geracao_mensal (id_usina, mes, ano, energia_gerada_kwh, tarifa_kwh) VALUES (1, 4, 2026, 72897.54, 0.8344);
INSERT INTO rateio_mensal (id_unidade, id_geracao, percentual_rateio, energia_creditada_kwh, valor_economizado, saldo_credito_kwh) VALUES (1, 10, 1.76, 1283.0, 1070.54, 569.13);
INSERT INTO rateio_mensal (id_unidade, id_geracao, percentual_rateio, energia_creditada_kwh, valor_economizado, saldo_credito_kwh) VALUES (2, 10, 1.93, 1406.92, 1173.93, 2398.85);
INSERT INTO rateio_mensal (id_unidade, id_geracao, percentual_rateio, energia_creditada_kwh, valor_economizado, saldo_credito_kwh) VALUES (3, 10, 1.33, 969.54, 808.98, 206.46);
INSERT INTO rateio_mensal (id_unidade, id_geracao, percentual_rateio, energia_creditada_kwh, valor_economizado, saldo_credito_kwh) VALUES (5, 10, 2.19, 1596.46, 1332.09, 1596.51);
INSERT INTO rateio_mensal (id_unidade, id_geracao, percentual_rateio, energia_creditada_kwh, valor_economizado, saldo_credito_kwh) VALUES (6, 10, 3.82, 2784.69, 2323.55, 4235.68);
INSERT INTO rateio_mensal (id_unidade, id_geracao, percentual_rateio, energia_creditada_kwh, valor_economizado, saldo_credito_kwh) VALUES (7, 10, 2.91, 2121.32, 1770.03, 3164.88);
INSERT INTO rateio_mensal (id_unidade, id_geracao, percentual_rateio, energia_creditada_kwh, valor_economizado, saldo_credito_kwh) VALUES (9, 10, 4.55, 3316.84, 2767.57, 5868.98);
INSERT INTO rateio_mensal (id_unidade, id_geracao, percentual_rateio, energia_creditada_kwh, valor_economizado, saldo_credito_kwh) VALUES (11, 10, 3.53, 2573.28, 2147.14, 2460.65);
INSERT INTO rateio_mensal (id_unidade, id_geracao, percentual_rateio, energia_creditada_kwh, valor_economizado, saldo_credito_kwh) VALUES (22, 10, 4.85, 3535.53, 2950.05, 7975.93);
INSERT INTO rateio_mensal (id_unidade, id_geracao, percentual_rateio, energia_creditada_kwh, valor_economizado, saldo_credito_kwh) VALUES (24, 10, 2.32, 1691.22, 1411.15, 1113.73);
INSERT INTO rateio_mensal (id_unidade, id_geracao, percentual_rateio, energia_creditada_kwh, valor_economizado, saldo_credito_kwh) VALUES (25, 10, 3.03, 2208.8, 1843.02, 3495.59);
INSERT INTO rateio_mensal (id_unidade, id_geracao, percentual_rateio, energia_creditada_kwh, valor_economizado, saldo_credito_kwh) VALUES (29, 10, 0.93, 677.95, 565.68, 0.0);
INSERT INTO rateio_mensal (id_unidade, id_geracao, percentual_rateio, energia_creditada_kwh, valor_economizado, saldo_credito_kwh) VALUES (33, 10, 0.98, 714.4, 596.1, 482.59);
INSERT INTO geracao_mensal (id_usina, mes, ano, energia_gerada_kwh, tarifa_kwh) VALUES (2, 4, 2026, 100842.22, 0.7738);
INSERT INTO rateio_mensal (id_unidade, id_geracao, percentual_rateio, energia_creditada_kwh, valor_economizado, saldo_credito_kwh) VALUES (4, 11, 3.42, 3448.8, 2668.68, 7094.43);
INSERT INTO rateio_mensal (id_unidade, id_geracao, percentual_rateio, energia_creditada_kwh, valor_economizado, saldo_credito_kwh) VALUES (13, 11, 4.53, 4568.15, 3534.83, 14714.62);
INSERT INTO rateio_mensal (id_unidade, id_geracao, percentual_rateio, energia_creditada_kwh, valor_economizado, saldo_credito_kwh) VALUES (14, 11, 0.93, 937.83, 725.69, 0.0);
INSERT INTO rateio_mensal (id_unidade, id_geracao, percentual_rateio, energia_creditada_kwh, valor_economizado, saldo_credito_kwh) VALUES (17, 11, 0.61, 615.14, 476.0, 269.99);
INSERT INTO rateio_mensal (id_unidade, id_geracao, percentual_rateio, energia_creditada_kwh, valor_economizado, saldo_credito_kwh) VALUES (19, 11, 3.76, 3791.67, 2933.99, 10475.98);
INSERT INTO rateio_mensal (id_unidade, id_geracao, percentual_rateio, energia_creditada_kwh, valor_economizado, saldo_credito_kwh) VALUES (20, 11, 0.98, 988.25, 764.71, 939.56);
INSERT INTO rateio_mensal (id_unidade, id_geracao, percentual_rateio, energia_creditada_kwh, valor_economizado, saldo_credito_kwh) VALUES (26, 11, 3.83, 3862.26, 2988.62, 9020.32);
INSERT INTO rateio_mensal (id_unidade, id_geracao, percentual_rateio, energia_creditada_kwh, valor_economizado, saldo_credito_kwh) VALUES (27, 11, 2.15, 2168.11, 1677.68, 4462.47);
INSERT INTO rateio_mensal (id_unidade, id_geracao, percentual_rateio, energia_creditada_kwh, valor_economizado, saldo_credito_kwh) VALUES (31, 11, 3.15, 3176.53, 2458.0, 9271.66);
INSERT INTO rateio_mensal (id_unidade, id_geracao, percentual_rateio, energia_creditada_kwh, valor_economizado, saldo_credito_kwh) VALUES (32, 11, 4.61, 4648.83, 3597.26, 10847.67);
INSERT INTO geracao_mensal (id_usina, mes, ano, energia_gerada_kwh, tarifa_kwh) VALUES (3, 4, 2026, 40378.34, 1.0776);
INSERT INTO rateio_mensal (id_unidade, id_geracao, percentual_rateio, energia_creditada_kwh, valor_economizado, saldo_credito_kwh) VALUES (8, 12, 3.93, 1586.87, 1710.01, 3018.88);
INSERT INTO rateio_mensal (id_unidade, id_geracao, percentual_rateio, energia_creditada_kwh, valor_economizado, saldo_credito_kwh) VALUES (10, 12, 4.37, 1764.53, 1901.46, 2619.57);
INSERT INTO rateio_mensal (id_unidade, id_geracao, percentual_rateio, energia_creditada_kwh, valor_economizado, saldo_credito_kwh) VALUES (12, 12, 3.91, 1578.79, 1701.3, 1872.24);
INSERT INTO rateio_mensal (id_unidade, id_geracao, percentual_rateio, energia_creditada_kwh, valor_economizado, saldo_credito_kwh) VALUES (15, 12, 2.51, 1013.5, 1092.15, 751.63);
INSERT INTO rateio_mensal (id_unidade, id_geracao, percentual_rateio, energia_creditada_kwh, valor_economizado, saldo_credito_kwh) VALUES (16, 12, 4.67, 1885.67, 2032.0, 1536.28);
INSERT INTO rateio_mensal (id_unidade, id_geracao, percentual_rateio, energia_creditada_kwh, valor_economizado, saldo_credito_kwh) VALUES (18, 12, 4.04, 1631.28, 1757.87, 459.67);
INSERT INTO rateio_mensal (id_unidade, id_geracao, percentual_rateio, energia_creditada_kwh, valor_economizado, saldo_credito_kwh) VALUES (21, 12, 4.33, 1748.38, 1884.05, 2597.09);
INSERT INTO rateio_mensal (id_unidade, id_geracao, percentual_rateio, energia_creditada_kwh, valor_economizado, saldo_credito_kwh) VALUES (23, 12, 4.73, 1909.9, 2058.11, 301.91);
INSERT INTO rateio_mensal (id_unidade, id_geracao, percentual_rateio, energia_creditada_kwh, valor_economizado, saldo_credito_kwh) VALUES (28, 12, 4.38, 1768.57, 1905.81, 4162.23);
INSERT INTO rateio_mensal (id_unidade, id_geracao, percentual_rateio, energia_creditada_kwh, valor_economizado, saldo_credito_kwh) VALUES (30, 12, 1.65, 666.24, 717.94, 193.47);
INSERT INTO rateio_mensal (id_unidade, id_geracao, percentual_rateio, energia_creditada_kwh, valor_economizado, saldo_credito_kwh) VALUES (34, 12, 0.88, 355.33, 382.9, 0.0);
INSERT INTO rateio_mensal (id_unidade, id_geracao, percentual_rateio, energia_creditada_kwh, valor_economizado, saldo_credito_kwh) VALUES (35, 12, 4.19, 1691.85, 1823.14, 5158.01);
INSERT INTO geracao_mensal (id_usina, mes, ano, energia_gerada_kwh, tarifa_kwh) VALUES (1, 5, 2026, 74917.92, 0.8193);
INSERT INTO rateio_mensal (id_unidade, id_geracao, percentual_rateio, energia_creditada_kwh, valor_economizado, saldo_credito_kwh) VALUES (1, 13, 1.76, 1318.56, 1080.3, 569.13);
INSERT INTO rateio_mensal (id_unidade, id_geracao, percentual_rateio, energia_creditada_kwh, valor_economizado, saldo_credito_kwh) VALUES (2, 13, 1.93, 1445.92, 1184.64, 2405.72);
INSERT INTO rateio_mensal (id_unidade, id_geracao, percentual_rateio, energia_creditada_kwh, valor_economizado, saldo_credito_kwh) VALUES (3, 13, 1.33, 996.41, 816.36, 1029.66);
INSERT INTO rateio_mensal (id_unidade, id_geracao, percentual_rateio, energia_creditada_kwh, valor_economizado, saldo_credito_kwh) VALUES (5, 13, 2.19, 1640.7, 1344.23, 1596.51);
INSERT INTO rateio_mensal (id_unidade, id_geracao, percentual_rateio, energia_creditada_kwh, valor_economizado, saldo_credito_kwh) VALUES (6, 13, 3.82, 2861.86, 2344.72, 5298.55);
INSERT INTO rateio_mensal (id_unidade, id_geracao, percentual_rateio, energia_creditada_kwh, valor_economizado, saldo_credito_kwh) VALUES (7, 13, 2.91, 2180.11, 1786.16, 3806.12);
INSERT INTO rateio_mensal (id_unidade, id_geracao, percentual_rateio, energia_creditada_kwh, valor_economizado, saldo_credito_kwh) VALUES (9, 13, 4.55, 3408.77, 2792.81, 8925.75);
INSERT INTO rateio_mensal (id_unidade, id_geracao, percentual_rateio, energia_creditada_kwh, valor_economizado, saldo_credito_kwh) VALUES (11, 13, 3.53, 2644.6, 2166.72, 3000.38);
INSERT INTO rateio_mensal (id_unidade, id_geracao, percentual_rateio, energia_creditada_kwh, valor_economizado, saldo_credito_kwh) VALUES (22, 13, 4.85, 3633.52, 2976.94, 9550.27);
INSERT INTO rateio_mensal (id_unidade, id_geracao, percentual_rateio, energia_creditada_kwh, valor_economizado, saldo_credito_kwh) VALUES (24, 13, 2.32, 1738.1, 1424.03, 2095.22);
INSERT INTO rateio_mensal (id_unidade, id_geracao, percentual_rateio, energia_creditada_kwh, valor_economizado, saldo_credito_kwh) VALUES (25, 13, 3.03, 2270.01, 1859.82, 4396.15);
INSERT INTO rateio_mensal (id_unidade, id_geracao, percentual_rateio, energia_creditada_kwh, valor_economizado, saldo_credito_kwh) VALUES (29, 13, 0.93, 696.74, 570.84, 34.11);
INSERT INTO rateio_mensal (id_unidade, id_geracao, percentual_rateio, energia_creditada_kwh, valor_economizado, saldo_credito_kwh) VALUES (33, 13, 0.98, 734.2, 601.53, 482.59);
INSERT INTO geracao_mensal (id_usina, mes, ano, energia_gerada_kwh, tarifa_kwh) VALUES (2, 5, 2026, 98918.4, 0.9654);
INSERT INTO rateio_mensal (id_unidade, id_geracao, percentual_rateio, energia_creditada_kwh, valor_economizado, saldo_credito_kwh) VALUES (4, 14, 3.42, 3383.01, 3265.96, 9926.45);
INSERT INTO rateio_mensal (id_unidade, id_geracao, percentual_rateio, energia_creditada_kwh, valor_economizado, saldo_credito_kwh) VALUES (13, 14, 4.53, 4481.0, 4325.96, 16736.28);
INSERT INTO rateio_mensal (id_unidade, id_geracao, percentual_rateio, energia_creditada_kwh, valor_economizado, saldo_credito_kwh) VALUES (14, 14, 0.93, 919.94, 888.11, 0.0);
INSERT INTO rateio_mensal (id_unidade, id_geracao, percentual_rateio, energia_creditada_kwh, valor_economizado, saldo_credito_kwh) VALUES (17, 14, 0.61, 603.4, 582.52, 308.97);
INSERT INTO rateio_mensal (id_unidade, id_geracao, percentual_rateio, energia_creditada_kwh, valor_economizado, saldo_credito_kwh) VALUES (19, 14, 3.76, 3719.33, 3590.64, 13496.93);
INSERT INTO rateio_mensal (id_unidade, id_geracao, percentual_rateio, energia_creditada_kwh, valor_economizado, saldo_credito_kwh) VALUES (20, 14, 0.98, 969.4, 935.86, 1229.65);
INSERT INTO rateio_mensal (id_unidade, id_geracao, percentual_rateio, energia_creditada_kwh, valor_economizado, saldo_credito_kwh) VALUES (26, 14, 3.83, 3788.57, 3657.49, 11846.32);
INSERT INTO rateio_mensal (id_unidade, id_geracao, percentual_rateio, energia_creditada_kwh, valor_economizado, saldo_credito_kwh) VALUES (27, 14, 2.15, 2126.75, 2053.16, 6323.34);
INSERT INTO rateio_mensal (id_unidade, id_geracao, percentual_rateio, energia_creditada_kwh, valor_economizado, saldo_credito_kwh) VALUES (31, 14, 3.15, 3115.93, 3008.12, 11871.1);
INSERT INTO rateio_mensal (id_unidade, id_geracao, percentual_rateio, energia_creditada_kwh, valor_economizado, saldo_credito_kwh) VALUES (32, 14, 4.61, 4560.14, 4402.36, 14200.54);
INSERT INTO geracao_mensal (id_usina, mes, ano, energia_gerada_kwh, tarifa_kwh) VALUES (3, 5, 2026, 39219.77, 0.8971);
INSERT INTO rateio_mensal (id_unidade, id_geracao, percentual_rateio, energia_creditada_kwh, valor_economizado, saldo_credito_kwh) VALUES (8, 15, 3.93, 1541.34, 1382.74, 3208.9);
INSERT INTO rateio_mensal (id_unidade, id_geracao, percentual_rateio, energia_creditada_kwh, valor_economizado, saldo_credito_kwh) VALUES (10, 15, 4.37, 1713.9, 1537.54, 2619.57);
INSERT INTO rateio_mensal (id_unidade, id_geracao, percentual_rateio, energia_creditada_kwh, valor_economizado, saldo_credito_kwh) VALUES (12, 15, 3.91, 1533.49, 1375.69, 2768.85);
INSERT INTO rateio_mensal (id_unidade, id_geracao, percentual_rateio, energia_creditada_kwh, valor_economizado, saldo_credito_kwh) VALUES (15, 15, 2.51, 984.42, 883.12, 751.63);
INSERT INTO rateio_mensal (id_unidade, id_geracao, percentual_rateio, energia_creditada_kwh, valor_economizado, saldo_credito_kwh) VALUES (16, 15, 4.67, 1831.56, 1643.09, 2643.22);
INSERT INTO rateio_mensal (id_unidade, id_geracao, percentual_rateio, energia_creditada_kwh, valor_economizado, saldo_credito_kwh) VALUES (18, 15, 4.04, 1584.48, 1421.44, 1882.37);
INSERT INTO rateio_mensal (id_unidade, id_geracao, percentual_rateio, energia_creditada_kwh, valor_economizado, saldo_credito_kwh) VALUES (21, 15, 4.33, 1698.22, 1523.47, 3639.95);
INSERT INTO rateio_mensal (id_unidade, id_geracao, percentual_rateio, energia_creditada_kwh, valor_economizado, saldo_credito_kwh) VALUES (23, 15, 4.73, 1855.1, 1664.21, 920.58);
INSERT INTO rateio_mensal (id_unidade, id_geracao, percentual_rateio, energia_creditada_kwh, valor_economizado, saldo_credito_kwh) VALUES (28, 15, 4.38, 1717.83, 1541.07, 4162.23);
INSERT INTO rateio_mensal (id_unidade, id_geracao, percentual_rateio, energia_creditada_kwh, valor_economizado, saldo_credito_kwh) VALUES (30, 15, 1.65, 647.13, 580.54, 193.47);
INSERT INTO rateio_mensal (id_unidade, id_geracao, percentual_rateio, energia_creditada_kwh, valor_economizado, saldo_credito_kwh) VALUES (34, 15, 0.88, 345.13, 309.62, 0.0);
INSERT INTO rateio_mensal (id_unidade, id_geracao, percentual_rateio, energia_creditada_kwh, valor_economizado, saldo_credito_kwh) VALUES (35, 15, 4.19, 1643.31, 1474.21, 5188.23);
INSERT INTO geracao_mensal (id_usina, mes, ano, energia_gerada_kwh, tarifa_kwh) VALUES (1, 6, 2026, 73932.25, 0.8226);
INSERT INTO rateio_mensal (id_unidade, id_geracao, percentual_rateio, energia_creditada_kwh, valor_economizado, saldo_credito_kwh) VALUES (1, 16, 1.76, 1301.21, 1070.38, 704.68);
INSERT INTO rateio_mensal (id_unidade, id_geracao, percentual_rateio, energia_creditada_kwh, valor_economizado, saldo_credito_kwh) VALUES (2, 16, 1.93, 1426.89, 1173.76, 2405.72);
INSERT INTO rateio_mensal (id_unidade, id_geracao, percentual_rateio, energia_creditada_kwh, valor_economizado, saldo_credito_kwh) VALUES (3, 16, 1.33, 983.3, 808.86, 1284.62);
INSERT INTO rateio_mensal (id_unidade, id_geracao, percentual_rateio, energia_creditada_kwh, valor_economizado, saldo_credito_kwh) VALUES (5, 16, 2.19, 1619.12, 1331.89, 1773.34);
INSERT INTO rateio_mensal (id_unidade, id_geracao, percentual_rateio, energia_creditada_kwh, valor_economizado, saldo_credito_kwh) VALUES (6, 16, 3.82, 2824.21, 2323.2, 5907.67);
INSERT INTO rateio_mensal (id_unidade, id_geracao, percentual_rateio, energia_creditada_kwh, valor_economizado, saldo_credito_kwh) VALUES (7, 16, 2.91, 2151.43, 1769.77, 5235.57);
INSERT INTO rateio_mensal (id_unidade, id_geracao, percentual_rateio, energia_creditada_kwh, valor_economizado, saldo_credito_kwh) VALUES (9, 16, 4.55, 3363.92, 2767.16, 11209.63);
INSERT INTO rateio_mensal (id_unidade, id_geracao, percentual_rateio, energia_creditada_kwh, valor_economizado, saldo_credito_kwh) VALUES (11, 16, 3.53, 2609.81, 2146.83, 3336.06);
INSERT INTO rateio_mensal (id_unidade, id_geracao, percentual_rateio, energia_creditada_kwh, valor_economizado, saldo_credito_kwh) VALUES (22, 16, 4.85, 3585.71, 2949.61, 11663.7);
INSERT INTO rateio_mensal (id_unidade, id_geracao, percentual_rateio, energia_creditada_kwh, valor_economizado, saldo_credito_kwh) VALUES (24, 16, 2.32, 1715.23, 1410.95, 3630.62);
INSERT INTO rateio_mensal (id_unidade, id_geracao, percentual_rateio, energia_creditada_kwh, valor_economizado, saldo_credito_kwh) VALUES (25, 16, 3.03, 2240.15, 1842.75, 4396.15);
INSERT INTO rateio_mensal (id_unidade, id_geracao, percentual_rateio, energia_creditada_kwh, valor_economizado, saldo_credito_kwh) VALUES (29, 16, 0.93, 687.57, 565.6, 34.11);
INSERT INTO rateio_mensal (id_unidade, id_geracao, percentual_rateio, energia_creditada_kwh, valor_economizado, saldo_credito_kwh) VALUES (33, 16, 0.98, 724.54, 596.01, 579.93);
INSERT INTO geracao_mensal (id_usina, mes, ano, energia_gerada_kwh, tarifa_kwh) VALUES (2, 6, 2026, 116056.25, 0.9608);
INSERT INTO rateio_mensal (id_unidade, id_geracao, percentual_rateio, energia_creditada_kwh, valor_economizado, saldo_credito_kwh) VALUES (4, 17, 3.42, 3969.12, 3813.53, 12794.1);
INSERT INTO rateio_mensal (id_unidade, id_geracao, percentual_rateio, energia_creditada_kwh, valor_economizado, saldo_credito_kwh) VALUES (13, 17, 4.53, 5257.35, 5051.26, 21763.79);
INSERT INTO rateio_mensal (id_unidade, id_geracao, percentual_rateio, energia_creditada_kwh, valor_economizado, saldo_credito_kwh) VALUES (14, 17, 0.93, 1079.32, 1037.01, 0.0);
INSERT INTO rateio_mensal (id_unidade, id_geracao, percentual_rateio, energia_creditada_kwh, valor_economizado, saldo_credito_kwh) VALUES (17, 17, 0.61, 707.94, 680.19, 727.24);
INSERT INTO rateio_mensal (id_unidade, id_geracao, percentual_rateio, energia_creditada_kwh, valor_economizado, saldo_credito_kwh) VALUES (19, 17, 3.76, 4363.71, 4192.65, 17318.08);
INSERT INTO rateio_mensal (id_unidade, id_geracao, percentual_rateio, energia_creditada_kwh, valor_economizado, saldo_credito_kwh) VALUES (20, 17, 0.98, 1137.35, 1092.77, 1229.65);
INSERT INTO rateio_mensal (id_unidade, id_geracao, percentual_rateio, energia_creditada_kwh, valor_economizado, saldo_credito_kwh) VALUES (26, 17, 3.83, 4444.95, 4270.71, 15233.52);
INSERT INTO rateio_mensal (id_unidade, id_geracao, percentual_rateio, energia_creditada_kwh, valor_economizado, saldo_credito_kwh) VALUES (27, 17, 2.15, 2495.21, 2397.4, 8170.44);
INSERT INTO rateio_mensal (id_unidade, id_geracao, percentual_rateio, energia_creditada_kwh, valor_economizado, saldo_credito_kwh) VALUES (31, 17, 3.15, 3655.77, 3512.46, 14224.07);
INSERT INTO rateio_mensal (id_unidade, id_geracao, percentual_rateio, energia_creditada_kwh, valor_economizado, saldo_credito_kwh) VALUES (32, 17, 4.61, 5350.19, 5140.46, 17791.74);
INSERT INTO geracao_mensal (id_usina, mes, ano, energia_gerada_kwh, tarifa_kwh) VALUES (3, 6, 2026, 43526.39, 0.9252);
INSERT INTO rateio_mensal (id_unidade, id_geracao, percentual_rateio, energia_creditada_kwh, valor_economizado, saldo_credito_kwh) VALUES (8, 18, 3.93, 1710.59, 1582.64, 3208.9);
INSERT INTO rateio_mensal (id_unidade, id_geracao, percentual_rateio, energia_creditada_kwh, valor_economizado, saldo_credito_kwh) VALUES (10, 18, 4.37, 1902.1, 1759.82, 2619.57);
INSERT INTO rateio_mensal (id_unidade, id_geracao, percentual_rateio, energia_creditada_kwh, valor_economizado, saldo_credito_kwh) VALUES (12, 18, 3.91, 1701.88, 1574.58, 3511.65);
INSERT INTO rateio_mensal (id_unidade, id_geracao, percentual_rateio, energia_creditada_kwh, valor_economizado, saldo_credito_kwh) VALUES (15, 18, 2.51, 1092.51, 1010.79, 751.63);
INSERT INTO rateio_mensal (id_unidade, id_geracao, percentual_rateio, energia_creditada_kwh, valor_economizado, saldo_credito_kwh) VALUES (16, 18, 4.67, 2032.68, 1880.64, 2643.22);
INSERT INTO rateio_mensal (id_unidade, id_geracao, percentual_rateio, energia_creditada_kwh, valor_economizado, saldo_credito_kwh) VALUES (18, 18, 4.04, 1758.47, 1626.94, 1956.1);
INSERT INTO rateio_mensal (id_unidade, id_geracao, percentual_rateio, energia_creditada_kwh, valor_economizado, saldo_credito_kwh) VALUES (21, 18, 4.33, 1884.69, 1743.72, 4744.1);
INSERT INTO rateio_mensal (id_unidade, id_geracao, percentual_rateio, energia_creditada_kwh, valor_economizado, saldo_credito_kwh) VALUES (23, 18, 4.73, 2058.8, 1904.8, 2711.39);
INSERT INTO rateio_mensal (id_unidade, id_geracao, percentual_rateio, energia_creditada_kwh, valor_economizado, saldo_credito_kwh) VALUES (28, 18, 4.38, 1906.46, 1763.86, 5383.38);
INSERT INTO rateio_mensal (id_unidade, id_geracao, percentual_rateio, energia_creditada_kwh, valor_economizado, saldo_credito_kwh) VALUES (30, 18, 1.65, 718.19, 664.47, 193.47);
INSERT INTO rateio_mensal (id_unidade, id_geracao, percentual_rateio, energia_creditada_kwh, valor_economizado, saldo_credito_kwh) VALUES (34, 18, 0.88, 383.03, 354.38, 0.0);
INSERT INTO rateio_mensal (id_unidade, id_geracao, percentual_rateio, energia_creditada_kwh, valor_economizado, saldo_credito_kwh) VALUES (35, 18, 4.19, 1823.76, 1687.34, 5526.07);
INSERT INTO geracao_mensal (id_usina, mes, ano, energia_gerada_kwh, tarifa_kwh) VALUES (1, 7, 2026, 72139.33, 0.7722);
INSERT INTO rateio_mensal (id_unidade, id_geracao, percentual_rateio, energia_creditada_kwh, valor_economizado, saldo_credito_kwh) VALUES (1, 19, 1.76, 1269.65, 980.42, 704.68);
INSERT INTO rateio_mensal (id_unidade, id_geracao, percentual_rateio, energia_creditada_kwh, valor_economizado, saldo_credito_kwh) VALUES (2, 19, 1.93, 1392.29, 1075.13, 2405.72);
INSERT INTO rateio_mensal (id_unidade, id_geracao, percentual_rateio, energia_creditada_kwh, valor_economizado, saldo_credito_kwh) VALUES (3, 19, 1.33, 959.45, 740.89, 1870.69);
INSERT INTO rateio_mensal (id_unidade, id_geracao, percentual_rateio, energia_creditada_kwh, valor_economizado, saldo_credito_kwh) VALUES (5, 19, 2.19, 1579.85, 1219.96, 1773.34);
INSERT INTO rateio_mensal (id_unidade, id_geracao, percentual_rateio, energia_creditada_kwh, valor_economizado, saldo_credito_kwh) VALUES (6, 19, 3.82, 2755.72, 2127.97, 7496.02);
INSERT INTO rateio_mensal (id_unidade, id_geracao, percentual_rateio, energia_creditada_kwh, valor_economizado, saldo_credito_kwh) VALUES (7, 19, 2.91, 2099.25, 1621.04, 7107.93);
INSERT INTO rateio_mensal (id_unidade, id_geracao, percentual_rateio, energia_creditada_kwh, valor_economizado, saldo_credito_kwh) VALUES (9, 19, 4.55, 3282.34, 2534.62, 12476.28);
INSERT INTO rateio_mensal (id_unidade, id_geracao, percentual_rateio, energia_creditada_kwh, valor_economizado, saldo_credito_kwh) VALUES (11, 19, 3.53, 2546.52, 1966.42, 5494.26);
INSERT INTO rateio_mensal (id_unidade, id_geracao, percentual_rateio, energia_creditada_kwh, valor_economizado, saldo_credito_kwh) VALUES (22, 19, 4.85, 3498.76, 2701.74, 12676.68);
INSERT INTO rateio_mensal (id_unidade, id_geracao, percentual_rateio, energia_creditada_kwh, valor_economizado, saldo_credito_kwh) VALUES (24, 19, 2.32, 1673.63, 1292.38, 3757.13);
INSERT INTO rateio_mensal (id_unidade, id_geracao, percentual_rateio, energia_creditada_kwh, valor_economizado, saldo_credito_kwh) VALUES (25, 19, 3.03, 2185.82, 1687.89, 4500.61);
INSERT INTO rateio_mensal (id_unidade, id_geracao, percentual_rateio, energia_creditada_kwh, valor_economizado, saldo_credito_kwh) VALUES (29, 19, 0.93, 670.9, 518.07, 34.11);
INSERT INTO rateio_mensal (id_unidade, id_geracao, percentual_rateio, energia_creditada_kwh, valor_economizado, saldo_credito_kwh) VALUES (33, 19, 0.98, 706.97, 545.92, 579.93);
INSERT INTO geracao_mensal (id_usina, mes, ano, energia_gerada_kwh, tarifa_kwh) VALUES (2, 7, 2026, 113519.44, 0.847);
INSERT INTO rateio_mensal (id_unidade, id_geracao, percentual_rateio, energia_creditada_kwh, valor_economizado, saldo_credito_kwh) VALUES (4, 20, 3.42, 3882.36, 3288.36, 15126.37);
INSERT INTO rateio_mensal (id_unidade, id_geracao, percentual_rateio, energia_creditada_kwh, valor_economizado, saldo_credito_kwh) VALUES (13, 20, 4.53, 5142.43, 4355.64, 25352.37);
INSERT INTO rateio_mensal (id_unidade, id_geracao, percentual_rateio, energia_creditada_kwh, valor_economizado, saldo_credito_kwh) VALUES (14, 20, 0.93, 1055.73, 894.2, 0.0);
INSERT INTO rateio_mensal (id_unidade, id_geracao, percentual_rateio, energia_creditada_kwh, valor_economizado, saldo_credito_kwh) VALUES (17, 20, 0.61, 692.47, 586.52, 727.24);
INSERT INTO rateio_mensal (id_unidade, id_geracao, percentual_rateio, energia_creditada_kwh, valor_economizado, saldo_credito_kwh) VALUES (19, 20, 3.76, 4268.33, 3615.28, 19449.69);
INSERT INTO rateio_mensal (id_unidade, id_geracao, percentual_rateio, energia_creditada_kwh, valor_economizado, saldo_credito_kwh) VALUES (20, 20, 0.98, 1112.49, 942.28, 1229.65);
INSERT INTO rateio_mensal (id_unidade, id_geracao, percentual_rateio, energia_creditada_kwh, valor_economizado, saldo_credito_kwh) VALUES (26, 20, 3.83, 4347.79, 3682.58, 17288.48);
INSERT INTO rateio_mensal (id_unidade, id_geracao, percentual_rateio, energia_creditada_kwh, valor_economizado, saldo_credito_kwh) VALUES (27, 20, 2.15, 2440.67, 2067.25, 8331.13);
INSERT INTO rateio_mensal (id_unidade, id_geracao, percentual_rateio, energia_creditada_kwh, valor_economizado, saldo_credito_kwh) VALUES (31, 20, 3.15, 3575.86, 3028.75, 16565.23);
INSERT INTO rateio_mensal (id_unidade, id_geracao, percentual_rateio, energia_creditada_kwh, valor_economizado, saldo_credito_kwh) VALUES (32, 20, 4.61, 5233.25, 4432.56, 22472.62);
INSERT INTO geracao_mensal (id_usina, mes, ano, energia_gerada_kwh, tarifa_kwh) VALUES (3, 7, 2026, 44535.35, 0.8162);
INSERT INTO rateio_mensal (id_unidade, id_geracao, percentual_rateio, energia_creditada_kwh, valor_economizado, saldo_credito_kwh) VALUES (8, 21, 3.93, 1750.24, 1428.55, 3208.9);
INSERT INTO rateio_mensal (id_unidade, id_geracao, percentual_rateio, energia_creditada_kwh, valor_economizado, saldo_credito_kwh) VALUES (10, 21, 4.37, 1946.19, 1588.48, 3191.55);
INSERT INTO rateio_mensal (id_unidade, id_geracao, percentual_rateio, energia_creditada_kwh, valor_economizado, saldo_credito_kwh) VALUES (12, 21, 3.91, 1741.33, 1421.27, 3511.65);
INSERT INTO rateio_mensal (id_unidade, id_geracao, percentual_rateio, energia_creditada_kwh, valor_economizado, saldo_credito_kwh) VALUES (15, 21, 2.51, 1117.84, 912.38, 751.63);
INSERT INTO rateio_mensal (id_unidade, id_geracao, percentual_rateio, energia_creditada_kwh, valor_economizado, saldo_credito_kwh) VALUES (16, 21, 4.67, 2079.8, 1697.53, 2643.22);
INSERT INTO rateio_mensal (id_unidade, id_geracao, percentual_rateio, energia_creditada_kwh, valor_economizado, saldo_credito_kwh) VALUES (18, 21, 4.04, 1799.23, 1468.53, 1956.1);
INSERT INTO rateio_mensal (id_unidade, id_geracao, percentual_rateio, energia_creditada_kwh, valor_economizado, saldo_credito_kwh) VALUES (21, 21, 4.33, 1928.38, 1573.94, 4744.1);
INSERT INTO rateio_mensal (id_unidade, id_geracao, percentual_rateio, energia_creditada_kwh, valor_economizado, saldo_credito_kwh) VALUES (23, 21, 4.73, 2106.52, 1719.34, 4439.7);
INSERT INTO rateio_mensal (id_unidade, id_geracao, percentual_rateio, energia_creditada_kwh, valor_economizado, saldo_credito_kwh) VALUES (28, 21, 4.38, 1950.65, 1592.12, 7020.5);
INSERT INTO rateio_mensal (id_unidade, id_geracao, percentual_rateio, energia_creditada_kwh, valor_economizado, saldo_credito_kwh) VALUES (30, 21, 1.65, 734.83, 599.77, 193.47);
INSERT INTO rateio_mensal (id_unidade, id_geracao, percentual_rateio, energia_creditada_kwh, valor_economizado, saldo_credito_kwh) VALUES (34, 21, 0.88, 391.91, 319.88, 0.0);
INSERT INTO rateio_mensal (id_unidade, id_geracao, percentual_rateio, energia_creditada_kwh, valor_economizado, saldo_credito_kwh) VALUES (35, 21, 4.19, 1866.03, 1523.05, 6951.79);
INSERT INTO geracao_mensal (id_usina, mes, ano, energia_gerada_kwh, tarifa_kwh) VALUES (1, 8, 2026, 71994.71, 1.0632);
INSERT INTO rateio_mensal (id_unidade, id_geracao, percentual_rateio, energia_creditada_kwh, valor_economizado, saldo_credito_kwh) VALUES (1, 22, 1.76, 1267.11, 1347.19, 1780.58);
INSERT INTO rateio_mensal (id_unidade, id_geracao, percentual_rateio, energia_creditada_kwh, valor_economizado, saldo_credito_kwh) VALUES (2, 22, 1.93, 1389.5, 1477.32, 2405.72);
INSERT INTO rateio_mensal (id_unidade, id_geracao, percentual_rateio, energia_creditada_kwh, valor_economizado, saldo_credito_kwh) VALUES (3, 22, 1.33, 957.53, 1018.05, 1870.69);
INSERT INTO rateio_mensal (id_unidade, id_geracao, percentual_rateio, energia_creditada_kwh, valor_economizado, saldo_credito_kwh) VALUES (5, 22, 2.19, 1576.68, 1676.33, 1773.34);
INSERT INTO rateio_mensal (id_unidade, id_geracao, percentual_rateio, energia_creditada_kwh, valor_economizado, saldo_credito_kwh) VALUES (6, 22, 3.82, 2750.2, 2924.01, 9801.27);
INSERT INTO rateio_mensal (id_unidade, id_geracao, percentual_rateio, energia_creditada_kwh, valor_economizado, saldo_credito_kwh) VALUES (7, 22, 2.91, 2095.05, 2227.46, 8999.67);
INSERT INTO rateio_mensal (id_unidade, id_geracao, percentual_rateio, energia_creditada_kwh, valor_economizado, saldo_credito_kwh) VALUES (9, 22, 4.55, 3275.76, 3482.79, 14898.0);
INSERT INTO rateio_mensal (id_unidade, id_geracao, percentual_rateio, energia_creditada_kwh, valor_economizado, saldo_credito_kwh) VALUES (11, 22, 3.53, 2541.41, 2702.03, 7883.36);
INSERT INTO rateio_mensal (id_unidade, id_geracao, percentual_rateio, energia_creditada_kwh, valor_economizado, saldo_credito_kwh) VALUES (22, 22, 4.85, 3491.74, 3712.42, 14276.62);
INSERT INTO rateio_mensal (id_unidade, id_geracao, percentual_rateio, energia_creditada_kwh, valor_economizado, saldo_credito_kwh) VALUES (24, 22, 2.32, 1670.28, 1775.84, 3757.13);
INSERT INTO rateio_mensal (id_unidade, id_geracao, percentual_rateio, energia_creditada_kwh, valor_economizado, saldo_credito_kwh) VALUES (25, 22, 3.03, 2181.44, 2319.31, 5772.69);
INSERT INTO rateio_mensal (id_unidade, id_geracao, percentual_rateio, energia_creditada_kwh, valor_economizado, saldo_credito_kwh) VALUES (29, 22, 0.93, 669.55, 711.87, 34.11);
INSERT INTO rateio_mensal (id_unidade, id_geracao, percentual_rateio, energia_creditada_kwh, valor_economizado, saldo_credito_kwh) VALUES (33, 22, 0.98, 705.55, 750.14, 1067.31);
INSERT INTO geracao_mensal (id_usina, mes, ano, energia_gerada_kwh, tarifa_kwh) VALUES (2, 8, 2026, 99816.03, 0.7985);
INSERT INTO rateio_mensal (id_unidade, id_geracao, percentual_rateio, energia_creditada_kwh, valor_economizado, saldo_credito_kwh) VALUES (4, 23, 3.42, 3413.71, 2725.85, 18047.07);
INSERT INTO rateio_mensal (id_unidade, id_geracao, percentual_rateio, energia_creditada_kwh, valor_economizado, saldo_credito_kwh) VALUES (13, 23, 4.53, 4521.67, 3610.55, 27719.42);
INSERT INTO rateio_mensal (id_unidade, id_geracao, percentual_rateio, energia_creditada_kwh, valor_economizado, saldo_credito_kwh) VALUES (14, 23, 0.93, 928.29, 741.24, 687.5);
INSERT INTO rateio_mensal (id_unidade, id_geracao, percentual_rateio, energia_creditada_kwh, valor_economizado, saldo_credito_kwh) VALUES (17, 23, 0.61, 608.88, 486.19, 727.24);
INSERT INTO rateio_mensal (id_unidade, id_geracao, percentual_rateio, energia_creditada_kwh, valor_economizado, saldo_credito_kwh) VALUES (19, 23, 3.76, 3753.08, 2996.83, 21672.06);
INSERT INTO rateio_mensal (id_unidade, id_geracao, percentual_rateio, energia_creditada_kwh, valor_economizado, saldo_credito_kwh) VALUES (20, 23, 0.98, 978.2, 781.09, 1229.65);
INSERT INTO rateio_mensal (id_unidade, id_geracao, percentual_rateio, energia_creditada_kwh, valor_economizado, saldo_credito_kwh) VALUES (26, 23, 3.83, 3822.95, 3052.63, 18809.61);
INSERT INTO rateio_mensal (id_unidade, id_geracao, percentual_rateio, energia_creditada_kwh, valor_economizado, saldo_credito_kwh) VALUES (27, 23, 2.15, 2146.04, 1713.61, 9796.38);
INSERT INTO rateio_mensal (id_unidade, id_geracao, percentual_rateio, energia_creditada_kwh, valor_economizado, saldo_credito_kwh) VALUES (31, 23, 3.15, 3144.2, 2510.64, 18115.02);
INSERT INTO rateio_mensal (id_unidade, id_geracao, percentual_rateio, energia_creditada_kwh, valor_economizado, saldo_credito_kwh) VALUES (32, 23, 4.61, 4601.52, 3674.31, 25523.98);
INSERT INTO geracao_mensal (id_usina, mes, ano, energia_gerada_kwh, tarifa_kwh) VALUES (3, 8, 2026, 38936.71, 0.8991);
INSERT INTO rateio_mensal (id_unidade, id_geracao, percentual_rateio, energia_creditada_kwh, valor_economizado, saldo_credito_kwh) VALUES (8, 24, 3.93, 1530.21, 1375.81, 3208.9);
INSERT INTO rateio_mensal (id_unidade, id_geracao, percentual_rateio, energia_creditada_kwh, valor_economizado, saldo_credito_kwh) VALUES (10, 24, 4.37, 1701.53, 1529.85, 4143.65);
INSERT INTO rateio_mensal (id_unidade, id_geracao, percentual_rateio, energia_creditada_kwh, valor_economizado, saldo_credito_kwh) VALUES (12, 24, 3.91, 1522.43, 1368.82, 3906.63);
INSERT INTO rateio_mensal (id_unidade, id_geracao, percentual_rateio, energia_creditada_kwh, valor_economizado, saldo_credito_kwh) VALUES (15, 24, 2.51, 977.31, 878.7, 751.63);
INSERT INTO rateio_mensal (id_unidade, id_geracao, percentual_rateio, energia_creditada_kwh, valor_economizado, saldo_credito_kwh) VALUES (16, 24, 4.67, 1818.34, 1634.87, 3140.07);
INSERT INTO rateio_mensal (id_unidade, id_geracao, percentual_rateio, energia_creditada_kwh, valor_economizado, saldo_credito_kwh) VALUES (18, 24, 4.04, 1573.04, 1414.32, 3349.06);
INSERT INTO rateio_mensal (id_unidade, id_geracao, percentual_rateio, energia_creditada_kwh, valor_economizado, saldo_credito_kwh) VALUES (21, 24, 4.33, 1685.96, 1515.85, 6211.38);
INSERT INTO rateio_mensal (id_unidade, id_geracao, percentual_rateio, energia_creditada_kwh, valor_economizado, saldo_credito_kwh) VALUES (23, 24, 4.73, 1841.71, 1655.88, 5488.04);
INSERT INTO rateio_mensal (id_unidade, id_geracao, percentual_rateio, energia_creditada_kwh, valor_economizado, saldo_credito_kwh) VALUES (28, 24, 4.38, 1705.43, 1533.35, 7020.5);
INSERT INTO rateio_mensal (id_unidade, id_geracao, percentual_rateio, energia_creditada_kwh, valor_economizado, saldo_credito_kwh) VALUES (30, 24, 1.65, 642.46, 577.64, 193.47);
INSERT INTO rateio_mensal (id_unidade, id_geracao, percentual_rateio, energia_creditada_kwh, valor_economizado, saldo_credito_kwh) VALUES (34, 24, 0.88, 342.64, 308.07, 0.0);
INSERT INTO rateio_mensal (id_unidade, id_geracao, percentual_rateio, energia_creditada_kwh, valor_economizado, saldo_credito_kwh) VALUES (35, 24, 4.19, 1631.45, 1466.84, 6951.79);
INSERT INTO geracao_mensal (id_usina, mes, ano, energia_gerada_kwh, tarifa_kwh) VALUES (1, 9, 2026, 60131.95, 1.0404);
INSERT INTO rateio_mensal (id_unidade, id_geracao, percentual_rateio, energia_creditada_kwh, valor_economizado, saldo_credito_kwh) VALUES (1, 25, 1.76, 1058.32, 1101.08, 1780.58);
INSERT INTO rateio_mensal (id_unidade, id_geracao, percentual_rateio, energia_creditada_kwh, valor_economizado, saldo_credito_kwh) VALUES (2, 25, 1.93, 1160.55, 1207.44, 3252.5);
INSERT INTO rateio_mensal (id_unidade, id_geracao, percentual_rateio, energia_creditada_kwh, valor_economizado, saldo_credito_kwh) VALUES (3, 25, 1.33, 799.75, 832.06, 1870.69);
INSERT INTO rateio_mensal (id_unidade, id_geracao, percentual_rateio, energia_creditada_kwh, valor_economizado, saldo_credito_kwh) VALUES (5, 25, 2.19, 1316.89, 1370.09, 1773.34);
INSERT INTO rateio_mensal (id_unidade, id_geracao, percentual_rateio, energia_creditada_kwh, valor_economizado, saldo_credito_kwh) VALUES (6, 25, 3.82, 2297.04, 2389.84, 10065.63);
INSERT INTO rateio_mensal (id_unidade, id_geracao, percentual_rateio, energia_creditada_kwh, valor_economizado, saldo_credito_kwh) VALUES (7, 25, 2.91, 1749.84, 1820.53, 9170.61);
INSERT INTO rateio_mensal (id_unidade, id_geracao, percentual_rateio, energia_creditada_kwh, valor_economizado, saldo_credito_kwh) VALUES (9, 25, 4.55, 2736.0, 2846.53, 16867.2);
INSERT INTO rateio_mensal (id_unidade, id_geracao, percentual_rateio, energia_creditada_kwh, valor_economizado, saldo_credito_kwh) VALUES (11, 25, 3.53, 2122.66, 2208.42, 9101.9);
INSERT INTO rateio_mensal (id_unidade, id_geracao, percentual_rateio, energia_creditada_kwh, valor_economizado, saldo_credito_kwh) VALUES (22, 25, 4.85, 2916.4, 3034.22, 15375.69);
INSERT INTO rateio_mensal (id_unidade, id_geracao, percentual_rateio, energia_creditada_kwh, valor_economizado, saldo_credito_kwh) VALUES (24, 25, 2.32, 1395.06, 1451.42, 3757.13);
INSERT INTO rateio_mensal (id_unidade, id_geracao, percentual_rateio, energia_creditada_kwh, valor_economizado, saldo_credito_kwh) VALUES (25, 25, 3.03, 1822.0, 1895.61, 7050.45);
INSERT INTO rateio_mensal (id_unidade, id_geracao, percentual_rateio, energia_creditada_kwh, valor_economizado, saldo_credito_kwh) VALUES (29, 25, 0.93, 559.23, 581.82, 34.11);
INSERT INTO rateio_mensal (id_unidade, id_geracao, percentual_rateio, energia_creditada_kwh, valor_economizado, saldo_credito_kwh) VALUES (33, 25, 0.98, 589.29, 613.1, 1067.31);
INSERT INTO geracao_mensal (id_usina, mes, ano, energia_gerada_kwh, tarifa_kwh) VALUES (2, 9, 2026, 117898.02, 0.7668);
INSERT INTO rateio_mensal (id_unidade, id_geracao, percentual_rateio, energia_creditada_kwh, valor_economizado, saldo_credito_kwh) VALUES (4, 26, 3.42, 4032.11, 3091.82, 21894.5);
INSERT INTO rateio_mensal (id_unidade, id_geracao, percentual_rateio, energia_creditada_kwh, valor_economizado, saldo_credito_kwh) VALUES (13, 26, 4.53, 5340.78, 4095.31, 31680.73);
INSERT INTO rateio_mensal (id_unidade, id_geracao, percentual_rateio, energia_creditada_kwh, valor_economizado, saldo_credito_kwh) VALUES (14, 26, 0.93, 1096.45, 840.76, 687.5);
INSERT INTO rateio_mensal (id_unidade, id_geracao, percentual_rateio, energia_creditada_kwh, valor_economizado, saldo_credito_kwh) VALUES (17, 26, 0.61, 719.18, 551.47, 727.24);
INSERT INTO rateio_mensal (id_unidade, id_geracao, percentual_rateio, energia_creditada_kwh, valor_economizado, saldo_credito_kwh) VALUES (19, 26, 3.76, 4432.97, 3399.2, 24576.39);
INSERT INTO rateio_mensal (id_unidade, id_geracao, percentual_rateio, energia_creditada_kwh, valor_economizado, saldo_credito_kwh) VALUES (20, 26, 0.98, 1155.4, 885.96, 2071.43);
INSERT INTO rateio_mensal (id_unidade, id_geracao, percentual_rateio, energia_creditada_kwh, valor_economizado, saldo_credito_kwh) VALUES (26, 26, 3.83, 4515.49, 3462.48, 21001.83);
INSERT INTO rateio_mensal (id_unidade, id_geracao, percentual_rateio, energia_creditada_kwh, valor_economizado, saldo_credito_kwh) VALUES (27, 26, 2.15, 2534.81, 1943.69, 10855.16);
INSERT INTO rateio_mensal (id_unidade, id_geracao, percentual_rateio, energia_creditada_kwh, valor_economizado, saldo_credito_kwh) VALUES (31, 26, 3.15, 3713.79, 2847.73, 20599.84);
INSERT INTO rateio_mensal (id_unidade, id_geracao, percentual_rateio, energia_creditada_kwh, valor_economizado, saldo_credito_kwh) VALUES (32, 26, 4.61, 5435.1, 4167.63, 29396.33);
INSERT INTO geracao_mensal (id_usina, mes, ano, energia_gerada_kwh, tarifa_kwh) VALUES (3, 9, 2026, 40561.34, 0.8567);
INSERT INTO rateio_mensal (id_unidade, id_geracao, percentual_rateio, energia_creditada_kwh, valor_economizado, saldo_credito_kwh) VALUES (8, 27, 3.93, 1594.06, 1365.63, 3830.97);
INSERT INTO rateio_mensal (id_unidade, id_geracao, percentual_rateio, energia_creditada_kwh, valor_economizado, saldo_credito_kwh) VALUES (10, 27, 4.37, 1772.53, 1518.53, 4143.65);
INSERT INTO rateio_mensal (id_unidade, id_geracao, percentual_rateio, energia_creditada_kwh, valor_economizado, saldo_credito_kwh) VALUES (12, 27, 3.91, 1585.95, 1358.68, 4838.58);
INSERT INTO rateio_mensal (id_unidade, id_geracao, percentual_rateio, energia_creditada_kwh, valor_economizado, saldo_credito_kwh) VALUES (15, 27, 2.51, 1018.09, 872.2, 1313.7);
INSERT INTO rateio_mensal (id_unidade, id_geracao, percentual_rateio, energia_creditada_kwh, valor_economizado, saldo_credito_kwh) VALUES (16, 27, 4.67, 1894.21, 1622.77, 4637.17);
INSERT INTO rateio_mensal (id_unidade, id_geracao, percentual_rateio, energia_creditada_kwh, valor_economizado, saldo_credito_kwh) VALUES (18, 27, 4.04, 1638.68, 1403.86, 3349.06);
INSERT INTO rateio_mensal (id_unidade, id_geracao, percentual_rateio, energia_creditada_kwh, valor_economizado, saldo_credito_kwh) VALUES (21, 27, 4.33, 1756.31, 1504.63, 7391.73);
INSERT INTO rateio_mensal (id_unidade, id_geracao, percentual_rateio, energia_creditada_kwh, valor_economizado, saldo_credito_kwh) VALUES (23, 27, 4.73, 1918.55, 1643.62, 6605.69);
INSERT INTO rateio_mensal (id_unidade, id_geracao, percentual_rateio, energia_creditada_kwh, valor_economizado, saldo_credito_kwh) VALUES (28, 27, 4.38, 1776.59, 1522.0, 8399.58);
INSERT INTO rateio_mensal (id_unidade, id_geracao, percentual_rateio, energia_creditada_kwh, valor_economizado, saldo_credito_kwh) VALUES (30, 27, 1.65, 669.26, 573.36, 193.47);
INSERT INTO rateio_mensal (id_unidade, id_geracao, percentual_rateio, energia_creditada_kwh, valor_economizado, saldo_credito_kwh) VALUES (34, 27, 0.88, 356.94, 305.79, 104.01);
INSERT INTO rateio_mensal (id_unidade, id_geracao, percentual_rateio, energia_creditada_kwh, valor_economizado, saldo_credito_kwh) VALUES (35, 27, 4.19, 1699.52, 1455.98, 7926.41);
INSERT INTO geracao_mensal (id_usina, mes, ano, energia_gerada_kwh, tarifa_kwh) VALUES (1, 10, 2026, 60204.28, 0.8635);
INSERT INTO rateio_mensal (id_unidade, id_geracao, percentual_rateio, energia_creditada_kwh, valor_economizado, saldo_credito_kwh) VALUES (1, 28, 1.76, 1059.6, 914.96, 1780.58);
INSERT INTO rateio_mensal (id_unidade, id_geracao, percentual_rateio, energia_creditada_kwh, valor_economizado, saldo_credito_kwh) VALUES (2, 28, 1.93, 1161.94, 1003.34, 3252.5);
INSERT INTO rateio_mensal (id_unidade, id_geracao, percentual_rateio, energia_creditada_kwh, valor_economizado, saldo_credito_kwh) VALUES (3, 28, 1.33, 800.72, 691.42, 1870.69);
INSERT INTO rateio_mensal (id_unidade, id_geracao, percentual_rateio, energia_creditada_kwh, valor_economizado, saldo_credito_kwh) VALUES (5, 28, 2.19, 1318.47, 1138.5, 1773.34);
INSERT INTO rateio_mensal (id_unidade, id_geracao, percentual_rateio, energia_creditada_kwh, valor_economizado, saldo_credito_kwh) VALUES (6, 28, 3.82, 2299.8, 1985.88, 12177.51);
INSERT INTO rateio_mensal (id_unidade, id_geracao, percentual_rateio, energia_creditada_kwh, valor_economizado, saldo_credito_kwh) VALUES (7, 28, 2.91, 1751.94, 1512.8, 10317.51);
INSERT INTO rateio_mensal (id_unidade, id_geracao, percentual_rateio, energia_creditada_kwh, valor_economizado, saldo_credito_kwh) VALUES (9, 28, 4.55, 2739.29, 2365.38, 18208.55);
INSERT INTO rateio_mensal (id_unidade, id_geracao, percentual_rateio, energia_creditada_kwh, valor_economizado, saldo_credito_kwh) VALUES (11, 28, 3.53, 2125.21, 1835.12, 10532.03);
INSERT INTO rateio_mensal (id_unidade, id_geracao, percentual_rateio, energia_creditada_kwh, valor_economizado, saldo_credito_kwh) VALUES (22, 28, 4.85, 2919.91, 2521.34, 17157.54);
INSERT INTO rateio_mensal (id_unidade, id_geracao, percentual_rateio, energia_creditada_kwh, valor_economizado, saldo_credito_kwh) VALUES (24, 28, 2.32, 1396.74, 1206.08, 3757.13);
INSERT INTO rateio_mensal (id_unidade, id_geracao, percentual_rateio, energia_creditada_kwh, valor_economizado, saldo_credito_kwh) VALUES (25, 28, 3.03, 1824.19, 1575.19, 7050.45);
INSERT INTO rateio_mensal (id_unidade, id_geracao, percentual_rateio, energia_creditada_kwh, valor_economizado, saldo_credito_kwh) VALUES (29, 28, 0.93, 559.9, 483.47, 34.11);
INSERT INTO rateio_mensal (id_unidade, id_geracao, percentual_rateio, energia_creditada_kwh, valor_economizado, saldo_credito_kwh) VALUES (33, 28, 0.98, 590.0, 509.47, 1067.31);
INSERT INTO geracao_mensal (id_usina, mes, ano, energia_gerada_kwh, tarifa_kwh) VALUES (2, 10, 2026, 113331.76, 0.8117);
INSERT INTO rateio_mensal (id_unidade, id_geracao, percentual_rateio, energia_creditada_kwh, valor_economizado, saldo_credito_kwh) VALUES (4, 29, 3.42, 3875.95, 3146.11, 24217.83);
INSERT INTO rateio_mensal (id_unidade, id_geracao, percentual_rateio, energia_creditada_kwh, valor_economizado, saldo_credito_kwh) VALUES (13, 29, 4.53, 5133.93, 4167.21, 36543.93);
INSERT INTO rateio_mensal (id_unidade, id_geracao, percentual_rateio, energia_creditada_kwh, valor_economizado, saldo_credito_kwh) VALUES (14, 29, 0.93, 1053.99, 855.52, 687.5);
INSERT INTO rateio_mensal (id_unidade, id_geracao, percentual_rateio, energia_creditada_kwh, valor_economizado, saldo_credito_kwh) VALUES (17, 29, 0.61, 691.32, 561.14, 797.37);
INSERT INTO rateio_mensal (id_unidade, id_geracao, percentual_rateio, energia_creditada_kwh, valor_economizado, saldo_credito_kwh) VALUES (19, 29, 3.76, 4261.27, 3458.87, 27710.41);
INSERT INTO rateio_mensal (id_unidade, id_geracao, percentual_rateio, energia_creditada_kwh, valor_economizado, saldo_credito_kwh) VALUES (20, 29, 0.98, 1110.65, 901.51, 2071.43);
INSERT INTO rateio_mensal (id_unidade, id_geracao, percentual_rateio, energia_creditada_kwh, valor_economizado, saldo_credito_kwh) VALUES (26, 29, 3.83, 4340.61, 3523.27, 24376.93);
INSERT INTO rateio_mensal (id_unidade, id_geracao, percentual_rateio, energia_creditada_kwh, valor_economizado, saldo_credito_kwh) VALUES (27, 29, 2.15, 2436.63, 1977.81, 12165.14);
INSERT INTO rateio_mensal (id_unidade, id_geracao, percentual_rateio, energia_creditada_kwh, valor_economizado, saldo_credito_kwh) VALUES (31, 29, 3.15, 3569.95, 2897.73, 22333.75);
INSERT INTO rateio_mensal (id_unidade, id_geracao, percentual_rateio, energia_creditada_kwh, valor_economizado, saldo_credito_kwh) VALUES (32, 29, 4.61, 5224.59, 4240.8, 33457.0);
INSERT INTO geracao_mensal (id_usina, mes, ano, energia_gerada_kwh, tarifa_kwh) VALUES (3, 10, 2026, 39012.95, 0.7614);
INSERT INTO rateio_mensal (id_unidade, id_geracao, percentual_rateio, energia_creditada_kwh, valor_economizado, saldo_credito_kwh) VALUES (8, 30, 3.93, 1533.21, 1167.39, 3830.97);
INSERT INTO rateio_mensal (id_unidade, id_geracao, percentual_rateio, energia_creditada_kwh, valor_economizado, saldo_credito_kwh) VALUES (10, 30, 4.37, 1704.87, 1298.09, 4682.71);
INSERT INTO rateio_mensal (id_unidade, id_geracao, percentual_rateio, energia_creditada_kwh, valor_economizado, saldo_credito_kwh) VALUES (12, 30, 3.91, 1525.41, 1161.45, 4838.58);
INSERT INTO rateio_mensal (id_unidade, id_geracao, percentual_rateio, energia_creditada_kwh, valor_economizado, saldo_credito_kwh) VALUES (15, 30, 2.51, 979.23, 745.59, 1609.3);
INSERT INTO rateio_mensal (id_unidade, id_geracao, percentual_rateio, energia_creditada_kwh, valor_economizado, saldo_credito_kwh) VALUES (16, 30, 4.67, 1821.9, 1387.19, 4660.31);
INSERT INTO rateio_mensal (id_unidade, id_geracao, percentual_rateio, energia_creditada_kwh, valor_economizado, saldo_credito_kwh) VALUES (18, 30, 4.04, 1576.12, 1200.06, 4250.69);
INSERT INTO rateio_mensal (id_unidade, id_geracao, percentual_rateio, energia_creditada_kwh, valor_economizado, saldo_credito_kwh) VALUES (21, 30, 4.33, 1689.26, 1286.2, 7391.73);
INSERT INTO rateio_mensal (id_unidade, id_geracao, percentual_rateio, energia_creditada_kwh, valor_economizado, saldo_credito_kwh) VALUES (23, 30, 4.73, 1845.31, 1405.02, 7691.13);
INSERT INTO rateio_mensal (id_unidade, id_geracao, percentual_rateio, energia_creditada_kwh, valor_economizado, saldo_credito_kwh) VALUES (28, 30, 4.38, 1708.77, 1301.06, 9014.64);
INSERT INTO rateio_mensal (id_unidade, id_geracao, percentual_rateio, energia_creditada_kwh, valor_economizado, saldo_credito_kwh) VALUES (30, 30, 1.65, 643.71, 490.12, 193.47);
INSERT INTO rateio_mensal (id_unidade, id_geracao, percentual_rateio, energia_creditada_kwh, valor_economizado, saldo_credito_kwh) VALUES (34, 30, 0.88, 343.31, 261.4, 104.01);
INSERT INTO rateio_mensal (id_unidade, id_geracao, percentual_rateio, energia_creditada_kwh, valor_economizado, saldo_credito_kwh) VALUES (35, 30, 4.19, 1634.64, 1244.61, 7926.41);
INSERT INTO geracao_mensal (id_usina, mes, ano, energia_gerada_kwh, tarifa_kwh) VALUES (1, 11, 2026, 65611.24, 0.9695);
INSERT INTO rateio_mensal (id_unidade, id_geracao, percentual_rateio, energia_creditada_kwh, valor_economizado, saldo_credito_kwh) VALUES (1, 31, 1.76, 1154.76, 1119.54, 2658.03);
INSERT INTO rateio_mensal (id_unidade, id_geracao, percentual_rateio, energia_creditada_kwh, valor_economizado, saldo_credito_kwh) VALUES (2, 31, 1.93, 1266.3, 1227.68, 3252.5);
INSERT INTO rateio_mensal (id_unidade, id_geracao, percentual_rateio, energia_creditada_kwh, valor_economizado, saldo_credito_kwh) VALUES (3, 31, 1.33, 872.63, 846.01, 1870.69);
INSERT INTO rateio_mensal (id_unidade, id_geracao, percentual_rateio, energia_creditada_kwh, valor_economizado, saldo_credito_kwh) VALUES (5, 31, 2.19, 1436.89, 1393.06, 2708.29);
INSERT INTO rateio_mensal (id_unidade, id_geracao, percentual_rateio, energia_creditada_kwh, valor_economizado, saldo_credito_kwh) VALUES (6, 31, 3.82, 2506.35, 2429.91, 14191.97);
INSERT INTO rateio_mensal (id_unidade, id_geracao, percentual_rateio, energia_creditada_kwh, valor_economizado, saldo_credito_kwh) VALUES (7, 31, 2.91, 1909.29, 1851.06, 11921.63);
INSERT INTO rateio_mensal (id_unidade, id_geracao, percentual_rateio, energia_creditada_kwh, valor_economizado, saldo_credito_kwh) VALUES (9, 31, 4.55, 2985.31, 2894.26, 20482.12);
INSERT INTO rateio_mensal (id_unidade, id_geracao, percentual_rateio, energia_creditada_kwh, valor_economizado, saldo_credito_kwh) VALUES (11, 31, 3.53, 2316.08, 2245.44, 11919.72);
INSERT INTO rateio_mensal (id_unidade, id_geracao, percentual_rateio, energia_creditada_kwh, valor_economizado, saldo_credito_kwh) VALUES (22, 31, 4.85, 3182.15, 3085.09, 18727.69);
INSERT INTO rateio_mensal (id_unidade, id_geracao, percentual_rateio, energia_creditada_kwh, valor_economizado, saldo_credito_kwh) VALUES (24, 31, 2.32, 1522.18, 1475.75, 4060.46);
INSERT INTO rateio_mensal (id_unidade, id_geracao, percentual_rateio, energia_creditada_kwh, valor_economizado, saldo_credito_kwh) VALUES (25, 31, 3.03, 1988.02, 1927.39, 7290.42);
INSERT INTO rateio_mensal (id_unidade, id_geracao, percentual_rateio, energia_creditada_kwh, valor_economizado, saldo_credito_kwh) VALUES (29, 31, 0.93, 610.18, 591.57, 34.11);
INSERT INTO rateio_mensal (id_unidade, id_geracao, percentual_rateio, energia_creditada_kwh, valor_economizado, saldo_credito_kwh) VALUES (33, 31, 0.98, 642.99, 623.38, 1067.31);
INSERT INTO geracao_mensal (id_usina, mes, ano, energia_gerada_kwh, tarifa_kwh) VALUES (2, 11, 2026, 97064.33, 0.901);
INSERT INTO rateio_mensal (id_unidade, id_geracao, percentual_rateio, energia_creditada_kwh, valor_economizado, saldo_credito_kwh) VALUES (4, 32, 3.42, 3319.6, 2990.96, 25073.58);
INSERT INTO rateio_mensal (id_unidade, id_geracao, percentual_rateio, energia_creditada_kwh, valor_economizado, saldo_credito_kwh) VALUES (13, 32, 4.53, 4397.01, 3961.71, 40714.9);
INSERT INTO rateio_mensal (id_unidade, id_geracao, percentual_rateio, energia_creditada_kwh, valor_economizado, saldo_credito_kwh) VALUES (14, 32, 0.93, 902.7, 813.33, 687.5);
INSERT INTO rateio_mensal (id_unidade, id_geracao, percentual_rateio, energia_creditada_kwh, valor_economizado, saldo_credito_kwh) VALUES (17, 32, 0.61, 592.09, 533.47, 797.37);
INSERT INTO rateio_mensal (id_unidade, id_geracao, percentual_rateio, energia_creditada_kwh, valor_economizado, saldo_credito_kwh) VALUES (19, 32, 3.76, 3649.62, 3288.31, 29246.46);
INSERT INTO rateio_mensal (id_unidade, id_geracao, percentual_rateio, energia_creditada_kwh, valor_economizado, saldo_credito_kwh) VALUES (20, 32, 0.98, 951.23, 857.06, 2219.32);
INSERT INTO rateio_mensal (id_unidade, id_geracao, percentual_rateio, energia_creditada_kwh, valor_economizado, saldo_credito_kwh) VALUES (26, 32, 3.83, 3717.56, 3349.52, 26980.55);
INSERT INTO rateio_mensal (id_unidade, id_geracao, percentual_rateio, energia_creditada_kwh, valor_economizado, saldo_credito_kwh) VALUES (27, 32, 2.15, 2086.88, 1880.28, 12951.63);
INSERT INTO rateio_mensal (id_unidade, id_geracao, percentual_rateio, energia_creditada_kwh, valor_economizado, saldo_credito_kwh) VALUES (31, 32, 3.15, 3057.53, 2754.83, 23266.17);
INSERT INTO rateio_mensal (id_unidade, id_geracao, percentual_rateio, energia_creditada_kwh, valor_economizado, saldo_credito_kwh) VALUES (32, 32, 4.61, 4474.67, 4031.68, 35502.88);
INSERT INTO geracao_mensal (id_usina, mes, ano, energia_gerada_kwh, tarifa_kwh) VALUES (3, 11, 2026, 41758.31, 0.9958);
INSERT INTO rateio_mensal (id_unidade, id_geracao, percentual_rateio, energia_creditada_kwh, valor_economizado, saldo_credito_kwh) VALUES (8, 33, 3.93, 1641.1, 1634.21, 4053.81);
INSERT INTO rateio_mensal (id_unidade, id_geracao, percentual_rateio, energia_creditada_kwh, valor_economizado, saldo_credito_kwh) VALUES (10, 33, 4.37, 1824.84, 1817.18, 5156.65);
INSERT INTO rateio_mensal (id_unidade, id_geracao, percentual_rateio, energia_creditada_kwh, valor_economizado, saldo_credito_kwh) VALUES (12, 33, 3.91, 1632.75, 1625.89, 5168.87);
INSERT INTO rateio_mensal (id_unidade, id_geracao, percentual_rateio, energia_creditada_kwh, valor_economizado, saldo_credito_kwh) VALUES (15, 33, 2.51, 1048.13, 1043.73, 2196.32);
INSERT INTO rateio_mensal (id_unidade, id_geracao, percentual_rateio, energia_creditada_kwh, valor_economizado, saldo_credito_kwh) VALUES (16, 33, 4.67, 1950.11, 1941.92, 5044.69);
INSERT INTO rateio_mensal (id_unidade, id_geracao, percentual_rateio, energia_creditada_kwh, valor_economizado, saldo_credito_kwh) VALUES (18, 33, 4.04, 1687.04, 1679.95, 4716.99);
INSERT INTO rateio_mensal (id_unidade, id_geracao, percentual_rateio, energia_creditada_kwh, valor_economizado, saldo_credito_kwh) VALUES (21, 33, 4.33, 1808.13, 1800.54, 8034.11);
INSERT INTO rateio_mensal (id_unidade, id_geracao, percentual_rateio, energia_creditada_kwh, valor_economizado, saldo_credito_kwh) VALUES (23, 33, 4.73, 1975.17, 1966.87, 8626.13);
INSERT INTO rateio_mensal (id_unidade, id_geracao, percentual_rateio, energia_creditada_kwh, valor_economizado, saldo_credito_kwh) VALUES (28, 33, 4.38, 1829.01, 1821.33, 9014.64);
INSERT INTO rateio_mensal (id_unidade, id_geracao, percentual_rateio, energia_creditada_kwh, valor_economizado, saldo_credito_kwh) VALUES (30, 33, 1.65, 689.01, 686.12, 193.47);
INSERT INTO rateio_mensal (id_unidade, id_geracao, percentual_rateio, energia_creditada_kwh, valor_economizado, saldo_credito_kwh) VALUES (34, 33, 0.88, 367.47, 365.93, 104.01);
INSERT INTO rateio_mensal (id_unidade, id_geracao, percentual_rateio, energia_creditada_kwh, valor_economizado, saldo_credito_kwh) VALUES (35, 33, 4.19, 1749.67, 1742.32, 8712.27);
INSERT INTO geracao_mensal (id_usina, mes, ano, energia_gerada_kwh, tarifa_kwh) VALUES (1, 12, 2026, 61701.86, 0.8987);
INSERT INTO rateio_mensal (id_unidade, id_geracao, percentual_rateio, energia_creditada_kwh, valor_economizado, saldo_credito_kwh) VALUES (1, 34, 1.76, 1085.95, 975.94, 2658.03);
INSERT INTO rateio_mensal (id_unidade, id_geracao, percentual_rateio, energia_creditada_kwh, valor_economizado, saldo_credito_kwh) VALUES (2, 34, 1.93, 1190.85, 1070.22, 3915.01);
INSERT INTO rateio_mensal (id_unidade, id_geracao, percentual_rateio, energia_creditada_kwh, valor_economizado, saldo_credito_kwh) VALUES (3, 34, 1.33, 820.63, 737.5, 1870.69);
INSERT INTO rateio_mensal (id_unidade, id_geracao, percentual_rateio, energia_creditada_kwh, valor_economizado, saldo_credito_kwh) VALUES (5, 34, 2.19, 1351.27, 1214.39, 2708.29);
INSERT INTO rateio_mensal (id_unidade, id_geracao, percentual_rateio, energia_creditada_kwh, valor_economizado, saldo_credito_kwh) VALUES (6, 34, 3.82, 2357.01, 2118.24, 16144.13);
INSERT INTO rateio_mensal (id_unidade, id_geracao, percentual_rateio, energia_creditada_kwh, valor_economizado, saldo_credito_kwh) VALUES (7, 34, 2.91, 1795.52, 1613.63, 13042.2);
INSERT INTO rateio_mensal (id_unidade, id_geracao, percentual_rateio, energia_creditada_kwh, valor_economizado, saldo_credito_kwh) VALUES (9, 34, 4.55, 2807.43, 2523.04, 22068.19);
INSERT INTO rateio_mensal (id_unidade, id_geracao, percentual_rateio, energia_creditada_kwh, valor_economizado, saldo_credito_kwh) VALUES (11, 34, 3.53, 2178.08, 1957.44, 13765.99);
INSERT INTO rateio_mensal (id_unidade, id_geracao, percentual_rateio, energia_creditada_kwh, valor_economizado, saldo_credito_kwh) VALUES (22, 34, 4.85, 2992.54, 2689.4, 20674.13);
INSERT INTO rateio_mensal (id_unidade, id_geracao, percentual_rateio, energia_creditada_kwh, valor_economizado, saldo_credito_kwh) VALUES (24, 34, 2.32, 1431.48, 1286.47, 4371.68);
INSERT INTO rateio_mensal (id_unidade, id_geracao, percentual_rateio, energia_creditada_kwh, valor_economizado, saldo_credito_kwh) VALUES (25, 34, 3.03, 1869.57, 1680.18, 8037.49);
INSERT INTO rateio_mensal (id_unidade, id_geracao, percentual_rateio, energia_creditada_kwh, valor_economizado, saldo_credito_kwh) VALUES (29, 34, 0.93, 573.83, 515.7, 34.11);
INSERT INTO rateio_mensal (id_unidade, id_geracao, percentual_rateio, energia_creditada_kwh, valor_economizado, saldo_credito_kwh) VALUES (33, 34, 0.98, 604.68, 543.43, 1242.1);
INSERT INTO geracao_mensal (id_usina, mes, ano, energia_gerada_kwh, tarifa_kwh) VALUES (2, 12, 2026, 112027.29, 0.8434);
INSERT INTO rateio_mensal (id_unidade, id_geracao, percentual_rateio, energia_creditada_kwh, valor_economizado, saldo_credito_kwh) VALUES (4, 35, 3.42, 3831.33, 3231.34, 28225.57);
INSERT INTO rateio_mensal (id_unidade, id_geracao, percentual_rateio, energia_creditada_kwh, valor_economizado, saldo_credito_kwh) VALUES (13, 35, 4.53, 5074.84, 4280.12, 45341.81);
INSERT INTO rateio_mensal (id_unidade, id_geracao, percentual_rateio, energia_creditada_kwh, valor_economizado, saldo_credito_kwh) VALUES (14, 35, 0.93, 1041.85, 878.7, 687.5);
INSERT INTO rateio_mensal (id_unidade, id_geracao, percentual_rateio, energia_creditada_kwh, valor_economizado, saldo_credito_kwh) VALUES (17, 35, 0.61, 683.37, 576.35, 797.37);
INSERT INTO rateio_mensal (id_unidade, id_geracao, percentual_rateio, energia_creditada_kwh, valor_economizado, saldo_credito_kwh) VALUES (19, 35, 3.76, 4212.23, 3552.59, 31902.49);
INSERT INTO rateio_mensal (id_unidade, id_geracao, percentual_rateio, energia_creditada_kwh, valor_economizado, saldo_credito_kwh) VALUES (20, 35, 0.98, 1097.87, 925.94, 2279.02);
INSERT INTO rateio_mensal (id_unidade, id_geracao, percentual_rateio, energia_creditada_kwh, valor_economizado, saldo_credito_kwh) VALUES (26, 35, 3.83, 4290.65, 3618.73, 28823.67);
INSERT INTO rateio_mensal (id_unidade, id_geracao, percentual_rateio, energia_creditada_kwh, valor_economizado, saldo_credito_kwh) VALUES (27, 35, 2.15, 2408.59, 2031.4, 13679.52);
INSERT INTO rateio_mensal (id_unidade, id_geracao, percentual_rateio, energia_creditada_kwh, valor_economizado, saldo_credito_kwh) VALUES (31, 35, 3.15, 3528.86, 2976.24, 24910.47);
INSERT INTO rateio_mensal (id_unidade, id_geracao, percentual_rateio, energia_creditada_kwh, valor_economizado, saldo_credito_kwh) VALUES (32, 35, 4.61, 5164.46, 4355.71, 40468.0);
INSERT INTO geracao_mensal (id_usina, mes, ano, energia_gerada_kwh, tarifa_kwh) VALUES (3, 12, 2026, 39575.57, 0.93);
INSERT INTO rateio_mensal (id_unidade, id_geracao, percentual_rateio, energia_creditada_kwh, valor_economizado, saldo_credito_kwh) VALUES (8, 36, 3.93, 1555.32, 1446.45, 5046.04);
INSERT INTO rateio_mensal (id_unidade, id_geracao, percentual_rateio, energia_creditada_kwh, valor_economizado, saldo_credito_kwh) VALUES (10, 36, 4.37, 1729.45, 1608.39, 5156.65);
INSERT INTO rateio_mensal (id_unidade, id_geracao, percentual_rateio, energia_creditada_kwh, valor_economizado, saldo_credito_kwh) VALUES (12, 36, 3.91, 1547.4, 1439.08, 5168.87);
INSERT INTO rateio_mensal (id_unidade, id_geracao, percentual_rateio, energia_creditada_kwh, valor_economizado, saldo_credito_kwh) VALUES (15, 36, 2.51, 993.35, 923.82, 2196.32);
INSERT INTO rateio_mensal (id_unidade, id_geracao, percentual_rateio, energia_creditada_kwh, valor_economizado, saldo_credito_kwh) VALUES (16, 36, 4.67, 1848.18, 1718.81, 5215.44);
INSERT INTO rateio_mensal (id_unidade, id_geracao, percentual_rateio, energia_creditada_kwh, valor_economizado, saldo_credito_kwh) VALUES (18, 36, 4.04, 1598.85, 1486.93, 4716.99);
INSERT INTO rateio_mensal (id_unidade, id_geracao, percentual_rateio, energia_creditada_kwh, valor_economizado, saldo_credito_kwh) VALUES (21, 36, 4.33, 1713.62, 1593.67, 8746.69);
INSERT INTO rateio_mensal (id_unidade, id_geracao, percentual_rateio, energia_creditada_kwh, valor_economizado, saldo_credito_kwh) VALUES (23, 36, 4.73, 1871.92, 1740.89, 9254.48);
INSERT INTO rateio_mensal (id_unidade, id_geracao, percentual_rateio, energia_creditada_kwh, valor_economizado, saldo_credito_kwh) VALUES (28, 36, 4.38, 1733.41, 1612.07, 9308.84);
INSERT INTO rateio_mensal (id_unidade, id_geracao, percentual_rateio, energia_creditada_kwh, valor_economizado, saldo_credito_kwh) VALUES (30, 36, 1.65, 653.0, 607.29, 193.47);
INSERT INTO rateio_mensal (id_unidade, id_geracao, percentual_rateio, energia_creditada_kwh, valor_economizado, saldo_credito_kwh) VALUES (34, 36, 0.88, 348.27, 323.89, 104.01);
INSERT INTO rateio_mensal (id_unidade, id_geracao, percentual_rateio, energia_creditada_kwh, valor_economizado, saldo_credito_kwh) VALUES (35, 36, 4.19, 1658.22, 1542.14, 8712.27);

-- Credito Energia (Saldo Final)
INSERT INTO credito_energia (id_unidade, saldo_atual_kwh, mes_referencia, ano_referencia, data_atualizacao) VALUES (1, 2658.03, 12, 2026, NOW());
INSERT INTO credito_energia (id_unidade, saldo_atual_kwh, mes_referencia, ano_referencia, data_atualizacao) VALUES (2, 3915.01, 12, 2026, NOW());
INSERT INTO credito_energia (id_unidade, saldo_atual_kwh, mes_referencia, ano_referencia, data_atualizacao) VALUES (3, 1870.69, 12, 2026, NOW());
INSERT INTO credito_energia (id_unidade, saldo_atual_kwh, mes_referencia, ano_referencia, data_atualizacao) VALUES (4, 28225.57, 12, 2026, NOW());
INSERT INTO credito_energia (id_unidade, saldo_atual_kwh, mes_referencia, ano_referencia, data_atualizacao) VALUES (5, 2708.29, 12, 2026, NOW());
INSERT INTO credito_energia (id_unidade, saldo_atual_kwh, mes_referencia, ano_referencia, data_atualizacao) VALUES (6, 16144.13, 12, 2026, NOW());
INSERT INTO credito_energia (id_unidade, saldo_atual_kwh, mes_referencia, ano_referencia, data_atualizacao) VALUES (7, 13042.2, 12, 2026, NOW());
INSERT INTO credito_energia (id_unidade, saldo_atual_kwh, mes_referencia, ano_referencia, data_atualizacao) VALUES (8, 5046.04, 12, 2026, NOW());
INSERT INTO credito_energia (id_unidade, saldo_atual_kwh, mes_referencia, ano_referencia, data_atualizacao) VALUES (9, 22068.19, 12, 2026, NOW());
INSERT INTO credito_energia (id_unidade, saldo_atual_kwh, mes_referencia, ano_referencia, data_atualizacao) VALUES (10, 5156.65, 12, 2026, NOW());
INSERT INTO credito_energia (id_unidade, saldo_atual_kwh, mes_referencia, ano_referencia, data_atualizacao) VALUES (11, 13765.99, 12, 2026, NOW());
INSERT INTO credito_energia (id_unidade, saldo_atual_kwh, mes_referencia, ano_referencia, data_atualizacao) VALUES (12, 5168.87, 12, 2026, NOW());
INSERT INTO credito_energia (id_unidade, saldo_atual_kwh, mes_referencia, ano_referencia, data_atualizacao) VALUES (13, 45341.81, 12, 2026, NOW());
INSERT INTO credito_energia (id_unidade, saldo_atual_kwh, mes_referencia, ano_referencia, data_atualizacao) VALUES (14, 687.5, 12, 2026, NOW());
INSERT INTO credito_energia (id_unidade, saldo_atual_kwh, mes_referencia, ano_referencia, data_atualizacao) VALUES (15, 2196.32, 12, 2026, NOW());
INSERT INTO credito_energia (id_unidade, saldo_atual_kwh, mes_referencia, ano_referencia, data_atualizacao) VALUES (16, 5215.44, 12, 2026, NOW());
INSERT INTO credito_energia (id_unidade, saldo_atual_kwh, mes_referencia, ano_referencia, data_atualizacao) VALUES (17, 797.37, 12, 2026, NOW());
INSERT INTO credito_energia (id_unidade, saldo_atual_kwh, mes_referencia, ano_referencia, data_atualizacao) VALUES (18, 4716.99, 12, 2026, NOW());
INSERT INTO credito_energia (id_unidade, saldo_atual_kwh, mes_referencia, ano_referencia, data_atualizacao) VALUES (19, 31902.49, 12, 2026, NOW());
INSERT INTO credito_energia (id_unidade, saldo_atual_kwh, mes_referencia, ano_referencia, data_atualizacao) VALUES (20, 2279.02, 12, 2026, NOW());
INSERT INTO credito_energia (id_unidade, saldo_atual_kwh, mes_referencia, ano_referencia, data_atualizacao) VALUES (21, 8746.69, 12, 2026, NOW());
INSERT INTO credito_energia (id_unidade, saldo_atual_kwh, mes_referencia, ano_referencia, data_atualizacao) VALUES (22, 20674.13, 12, 2026, NOW());
INSERT INTO credito_energia (id_unidade, saldo_atual_kwh, mes_referencia, ano_referencia, data_atualizacao) VALUES (23, 9254.48, 12, 2026, NOW());
INSERT INTO credito_energia (id_unidade, saldo_atual_kwh, mes_referencia, ano_referencia, data_atualizacao) VALUES (24, 4371.68, 12, 2026, NOW());
INSERT INTO credito_energia (id_unidade, saldo_atual_kwh, mes_referencia, ano_referencia, data_atualizacao) VALUES (25, 8037.49, 12, 2026, NOW());
INSERT INTO credito_energia (id_unidade, saldo_atual_kwh, mes_referencia, ano_referencia, data_atualizacao) VALUES (26, 28823.67, 12, 2026, NOW());
INSERT INTO credito_energia (id_unidade, saldo_atual_kwh, mes_referencia, ano_referencia, data_atualizacao) VALUES (27, 13679.52, 12, 2026, NOW());
INSERT INTO credito_energia (id_unidade, saldo_atual_kwh, mes_referencia, ano_referencia, data_atualizacao) VALUES (28, 9308.84, 12, 2026, NOW());
INSERT INTO credito_energia (id_unidade, saldo_atual_kwh, mes_referencia, ano_referencia, data_atualizacao) VALUES (29, 34.11, 12, 2026, NOW());
INSERT INTO credito_energia (id_unidade, saldo_atual_kwh, mes_referencia, ano_referencia, data_atualizacao) VALUES (30, 193.47, 12, 2026, NOW());
INSERT INTO credito_energia (id_unidade, saldo_atual_kwh, mes_referencia, ano_referencia, data_atualizacao) VALUES (31, 24910.47, 12, 2026, NOW());
INSERT INTO credito_energia (id_unidade, saldo_atual_kwh, mes_referencia, ano_referencia, data_atualizacao) VALUES (32, 40468.0, 12, 2026, NOW());
INSERT INTO credito_energia (id_unidade, saldo_atual_kwh, mes_referencia, ano_referencia, data_atualizacao) VALUES (33, 1242.1, 12, 2026, NOW());
INSERT INTO credito_energia (id_unidade, saldo_atual_kwh, mes_referencia, ano_referencia, data_atualizacao) VALUES (34, 104.01, 12, 2026, NOW());
INSERT INTO credito_energia (id_unidade, saldo_atual_kwh, mes_referencia, ano_referencia, data_atualizacao) VALUES (35, 8712.27, 12, 2026, NOW());
